{"type":"FeatureCollection","crs":{"type":"name","properties":{"name":"EPSG:4269"}},"features":[{"type":"Feature","id":8482,"geometry":{"type":"Polygon","coordinates":[[[-80.450887756999975,28.404730273000041],[-80.443966133999936,28.396143175000077],[-80.43835962299994,28.39948651900005],[-80.445110541999952,28.408423906000053],[-80.450887756999975,28.404730273000041]]]},"properties":{"OBJECTID":8482,"State":"FL","LeaseNo":"OCS-A-0454","ProjectID":"Brevard County 2000","BorrowArea":"Canaveral Shoals II","ConstructionStart":1009843200000,"ConstructionComplete":1018828800000,"DredgeVolCalc":null,"DredgeVolRep":50000,"Dredge_GlobalLeaseID":"{58B42DDD-AC6A-4134-A0BD-280740AB7960}","Dredge_GlobalReportID":"{5C97B81B-B2B7-4DDB-899F-2CA2E4E43EC8}","RuleID":1,"Override":null,"created_date":null,"last_edited_date":null,"SHAPE_Length":0.035614655544435478,"SHAPE_Area":7.3926824779190484e-05}},{"type":"Feature","id":8483,"geometry":{"type":"Polygon","coordinates":[[[-80.434701290999953,28.403942796000024],[-80.436057582999979,28.404014180000047],[-80.438341865999973,28.401587129000063],[-80.442910430999973,28.394020443000045],[-80.439341239999976,28.392449999000064],[-80.434701290999953,28.403942796000024]]]},"properties":{"OBJECTID":8483,"State":"FL","LeaseNo":"OCS-A-0454","ProjectID":"Brevard County 2000","BorrowArea":"Canaveral Shoals II","ConstructionStart":1048809600000,"ConstructionComplete":1051747200000,"DredgeVolCalc":338065.54999999999,"DredgeVolRep":384080,"Dredge_GlobalLeaseID":"{58B42DDD-AC6A-4134-A0BD-280740AB7960}","Dredge_GlobalReportID":"{5C97B81B-B2B7-4DDB-899F-2CA2E4E43EC8}","RuleID":1,"Override":null,"created_date":null,"last_edited_date":null,"SHAPE_Length":0.029823539950427819,"SHAPE_Area":3.4273344436999527e-05}},{"type":"Feature","id":8484,"geometry":{"type":"Polygon","coordinates":[[[-90.616827800999943,28.915552734000073],[-90.616627079999944,28.914432041000055],[-90.614667774999987,28.910350157000039],[-90.610933890999945,28.90873909000004],[-90.601182448999964,28.913067476000037],[-90.601646565999943,28.913656483000068],[-90.611042261999955,28.917627903000039],[-90.616827800999943,28.915552734000073]]]},"properties":{"OBJECTID":8484,"State":"LA","LeaseNo":"OCS-G-34667","ProjectID":"Caminada BA45 2012","BorrowArea":"South Pelto Blocks 13 and 14","ConstructionStart":1377993600000,"ConstructionComplete":1420070400000,"DredgeVolCalc":3632126.3199999998,"DredgeVolRep":null,"Dredge_GlobalLeaseID":"{27B70950-BF0F-4C39-9617-A655DBFC43B2}","Dredge_GlobalReportID":"{82DCC6ED-CD16-4E67-98F4-14CB5A823DE1}","RuleID":1,"Override":null,"created_date":null,"last_edited_date":null,"SHAPE_Length":0.037498707175003851,"SHAPE_Area":7.9906268751038287e-05}},{"type":"Feature","id":8485,"geometry":{"type":"Polygon","coordinates":[[[-75.883128437999972,36.761354764000032],[-75.869536064999977,36.752539139000078],[-75.866545742999961,36.75549062500005],[-75.866552282999976,36.769797455000059],[-75.866950936999956,36.770838127000047],[-75.883128437999972,36.761354764000032]]]},"properties":{"OBJECTID":8485,"State":"VA","LeaseNo":"OCS-A-0452","ProjectID":"Sandbridge 1998","BorrowArea":"Area B","ConstructionStart":893980800000,"ConstructionComplete":896659200000,"DredgeVolCalc":38440.709999999999,"DredgeVolRep":null,"Dredge_GlobalLeaseID":"{9B2B51F2-FC63-40A8-A331-FA786A3472CB}","Dredge_GlobalReportID":null,"RuleID":1,"Override":null,"created_date":null,"last_edited_date":null,"SHAPE_Length":0.054575908404405585,"SHAPE_Area":0.00016215137787443386}},{"type":"Feature","id":8486,"geometry":{"type":"Polygon","coordinates":[[[-75.880627447999984,36.761951342000032],[-75.875771158999953,36.757987616000037],[-75.865158762999954,36.767981352000049],[-75.865063583999984,36.771455366000055],[-75.86606295699994,36.771883669000033],[-75.877019049999944,36.764936129000034],[-75.880627447999984,36.761951342000032]]]},"properties":{"OBJECTID":8486,"State":"VA","LeaseNo":"OCS-A-0457","ProjectID":"Sandbridge 2002","BorrowArea":"Area B","ConstructionStart":1038700800000,"ConstructionComplete":1044057600000,"DredgeVolCalc":904378,"DredgeVolRep":null,"Dredge_GlobalLeaseID":"{559D37F2-72AA-4280-810D-61FEA27F681E}","Dredge_GlobalReportID":null,"RuleID":1,"Override":null,"created_date":null,"last_edited_date":null,"SHAPE_Length":0.043064557528671263,"SHAPE_Area":8.3778913609368439e-05}},{"type":"Feature","id":8487,"geometry":{"type":"Polygon","coordinates":[[[-93.445266394999976,29.504542176000029],[-93.457335413999942,29.508238992000031],[-93.458567685999981,29.505122068000048],[-93.458641174999968,29.50501852900004],[-93.458708876999935,29.504912043000047],[-93.458770637999976,29.504802856000026],[-93.458826313999964,29.504691217000072],[-93.458875777999936,29.504577384000072],[-93.458918915999959,29.50446161900004],[-93.458955628999945,29.504344187000072],[-93.458985832999986,29.504225358000042],[-93.459009457999969,29.504105406000065],[-93.459026449999953,29.503984606000074],[-93.459036769999955,29.503863236000029],[-93.459040393999942,29.503741575000049],[-93.459037313999943,29.503619902000025],[-93.459027535999951,29.503498497000066],[-93.45901108399994,29.503377640000053],[-93.458987994999973,29.503257608000069],[-93.45895832299999,29.503138676000049],[-93.458922133999977,29.503021119000039],[-93.458879513999989,29.502905207000026],[-93.458830558999978,29.50279120600004],[-93.458775381999942,29.502679377000049],[-93.45871410999996,29.502569979000043],[-93.458646883999961,29.502463262000049],[-93.458573857999966,29.502359472000023],[-93.458495199999959,29.502258848000054],[-93.451344918999951,29.498052690000065],[-93.451116490999937,29.497874230000036],[-93.448093372999949,29.495952514000066],[-93.445266394999976,29.504542176000029]]]},"properties":{"OBJECTID":8487,"State":"LA","LeaseNo":"OCS-G-34668","ProjectID":"Cameron Parish CS33 2012","BorrowArea":"Borrow Area JF","ConstructionStart":1376870400000,"ConstructionComplete":1396224000000,"DredgeVolCalc":2016987.26,"DredgeVolRep":1980251.77,"Dredge_GlobalLeaseID":"{3D4C82EA-F2B2-493B-9FFE-0156ADDC6D7D}","Dredge_GlobalReportID":"{EB7C1479-5D59-470F-8C60-C87579F7A951}","RuleID":1,"Override":null,"created_date":null,"last_edited_date":null,"SHAPE_Length":0.040280966929036488,"SHAPE_Area":9.4063426069426834e-05}},{"type":"Feature","id":8488,"geometry":{"type":"Polygon","coordinates":[[[-90.923097802999962,28.980494014000044],[-90.923126355999955,28.980458322000061],[-90.923159787999964,28.980451425000069],[-90.923191387999964,28.980439644000057],[-90.923220230999959,28.98042332600005],[-90.923245473999941,28.980402947000073],[-90.923266377999937,28.980379103000075],[-90.923282330999939,28.980352491000076],[-90.923292866999986,28.980323891000069],[-90.923297677999983,28.980294139000023],[-90.923324930999968,28.980256667000049],[-90.92334662199994,28.980216512000027],[-90.92336241299995,28.980174302000023],[-90.923372055999948,28.980130698000039],[-90.923375400999987,28.980086381000035],[-90.923372393999955,28.98004204700004],[-90.923363083999959,28.979998387000023],[-90.923347614999955,28.979956086000072],[-90.923326230999976,28.979915805000076],[-90.92331270699998,28.979890295000075],[-90.923304221999956,28.979863172000023],[-90.923301014999936,28.979835193000042],[-90.923303172999965,28.979807137000023],[-90.923310636999986,28.979779786000051],[-90.923323197999991,28.979753902000027],[-90.923340507999967,28.979730207000046],[-90.923357050999982,28.979698770000027],[-90.923367654999936,28.979665428000033],[-90.923372047999976,28.979631034000079],[-90.92337011799998,28.979596467000079],[-90.92336191399994,28.979562611000063],[-90.923347645999968,28.979530332000024],[-90.923334876999945,28.979487723000034],[-90.923328611999978,28.97944401500007],[-90.923328961999971,28.979399967000063],[-90.923335918999953,28.979356340000038],[-90.923349362999943,28.979313889000025],[-90.92336906099996,28.979273350000028],[-90.923397833999957,28.979224344000045],[-90.923420859999965,28.979173066000044],[-90.923437907999983,28.979120031000036],[-90.923448805999953,28.979065770000034],[-90.92345344499995,28.979010828000071],[-90.923451778999947,28.978955755000072],[-90.923443824999936,28.978901104000045],[-90.923429660999943,28.978847423000047],[-90.923409430999982,28.978795250000076],[-90.923383337999951,28.978745110000034],[-90.923372548999964,28.978686688000039],[-90.923367918999986,28.978627647000053],[-90.923369484999967,28.97856848300006],[-90.923377234999975,28.978509693000035],[-90.923391103999961,28.978451771000039],[-90.923410975999957,28.978395202000058],[-90.923436681999988,28.978340461000073],[-90.923468007999986,28.978288009000039],[-90.923504690999948,28.978238285000032],[-90.923522178999974,28.978218417000051],[-90.92353561699997,28.978196267000044],[-90.923544622999941,28.978172460000053],[-90.923548943999947,28.978147671000045],[-90.923548457999971,28.978122598000027],[-90.923543178999978,28.978097951000052],[-90.923533254999938,28.978074426000035],[-90.92351896699995,28.978052687000059],[-90.923499371999981,28.978020941000068],[-90.923484679999945,28.977987230000053],[-90.923475140999983,28.977952130000062],[-90.923470918999953,28.977916241000059],[-90.923472084999958,28.977880177000031],[-90.923478620999958,28.977844554000058],[-90.923490413999957,28.977809982000053],[-90.923512047999964,28.977789232000077],[-90.923529323999958,28.977765560000023],[-90.923541737999983,28.977739660000054],[-90.923548925999967,28.977712288000077],[-90.923550678999959,28.977684245000034],[-90.923546943999952,28.977656351000064],[-90.923537832999955,28.977629421000074],[-90.923523609999961,28.97760424300003],[-90.923504690999948,28.97758155300005],[-90.923481103999961,28.977541120000069],[-90.923462418999975,28.977498772000047],[-90.923448835999977,28.977454961000035],[-90.92344049999997,28.977410157000065],[-90.923437500999967,28.977364839000074],[-90.923439870999971,28.977319492000049],[-90.923447583999973,28.977274603000069],[-90.923461023999948,28.977252177000025],[-90.923470258999942,28.977228179000065],[-90.923475057999951,28.977203209000038],[-90.923475302999975,28.977177888000028],[-90.923470985999984,28.977152850000039],[-90.923462214999972,28.977128720000053],[-90.923449209999944,28.977106098000036],[-90.923432294999941,28.977085551000073],[-90.92341189199999,28.977067590000047],[-90.923379075999947,28.977021416000071],[-90.923352455999975,28.976972285000045],[-90.923332374999973,28.97692083000004],[-90.923319092999975,28.976867715000026],[-90.923299779999979,28.976775352000061],[-90.923274635999974,28.976684070000033],[-90.923243738999986,28.97659414900005],[-90.923207182999988,28.976505868000061],[-90.923165081999969,28.976419497000052],[-90.923117564999984,28.976335305000077],[-90.923064778999958,28.976253549000035],[-90.923006886999985,28.976174483000079],[-90.922944066999946,28.976098351000076],[-90.922876512999949,28.97602538600006],[-90.922831733999942,28.975988302000076],[-90.922792065999943,28.975947004000034],[-90.922758024999951,28.975902027000075],[-90.922730050999974,28.975853956000037],[-90.922708507999971,28.975803413000051],[-90.922693675999938,28.975751054000057],[-90.922685745999956,28.975697560000071],[-90.922684820999962,28.975643624000043],[-90.922690914999976,28.975589945000024],[-90.92267717499999,28.975550412000075],[-90.922656788999973,28.975513140000032],[-90.922630221999952,28.975478976000034],[-90.922598077999965,28.975448701000062],[-90.922561090999977,28.975423005000039],[-90.922520102999954,28.975402472000042],[-90.922476048999954,28.975387571000056],[-90.922429932999989,28.975378643000056],[-90.922382805999973,28.975375889000077],[-90.922335742999962,28.975379373000067],[-90.922289814999942,28.975389016000065],[-90.922246069999971,28.975404597000079],[-90.922205504999965,28.975425762000043],[-90.922178835999944,28.97545132700003],[-90.922148210999978,28.975473237000074],[-90.922114275999945,28.975491029000068],[-90.922077749999971,28.975504326000078],[-90.922039404999964,28.975512847000061],[-90.922000052999977,28.975516412000047],[-90.921960525999964,28.975514945000043],[-90.921921659999953,28.975508477000062],[-90.921884277999936,28.975497146000066],[-90.921838131999948,28.975495641000066],[-90.921792204999974,28.975499851000052],[-90.921747416999949,28.97550969100007],[-90.921704665999982,28.975524964000044],[-90.921664807999946,28.975545363000037],[-90.921628639999938,28.975570481000034],[-90.921596888999943,28.975599814000077],[-90.921570188999965,28.975632775000065],[-90.921567279999977,28.975655605000043],[-90.921560063999948,28.975677691000044],[-90.92154874299996,28.975698418000036],[-90.921533632999967,28.975717205000024],[-90.921515156999988,28.975733527000045],[-90.921493829999974,28.975746928000035],[-90.92147024999997,28.975757034000026],[-90.921445074999951,28.975763562000054],[-90.921419007999987,28.975766330000056],[-90.921392778999973,28.97576526000006],[-90.921367118999967,28.975760382000033],[-90.921342747999972,28.975751833000061],[-90.92132034499997,28.975739851000071],[-90.921276926999951,28.975742265000065],[-90.921234409999954,28.975750333000065],[-90.921193751999965,28.975763875000041],[-90.921155866999982,28.975782585000047],[-90.921121607999964,28.975806043000034],[-90.921091744999956,28.975833721000072],[-90.92106695199999,28.975864995000052],[-90.921047784999985,28.975899162000076],[-90.921034676999966,28.975935452000044],[-90.921027921999951,28.97597305000005],[-90.92102767199998,28.976011109000069],[-90.921017069999948,28.976056684000071],[-90.92101318899995,28.976103068000043],[-90.921016090999956,28.976149508000049],[-90.92102572999994,28.976195246000032],[-90.921041948999971,28.976239537000026],[-90.921055954999986,28.976272512000037],[-90.921063790999938,28.976307015000032],[-90.921065254999974,28.976342169000077],[-90.921060311999952,28.976377080000077],[-90.921049086999972,28.976410859000055],[-90.921047919999978,28.976468816000079],[-90.92105384599995,28.976526550000074],[-90.92106679699998,28.976583398000059],[-90.921086624999987,28.976638707000063],[-90.921113101999936,28.976691844000072],[-90.921145924999962,28.976742199000057],[-90.921184715999971,28.976789193000059],[-90.921225350999975,28.976869577000059],[-90.921259470999985,28.976952246000053],[-90.921286909999935,28.977036798000029],[-90.921307531999958,28.977122820000034],[-90.921321236999972,28.97720989100003],[-90.921327959999985,28.977297587000066],[-90.921327665999968,28.977385479000077],[-90.921320356999956,28.97747313900004],[-90.921306068999968,28.977560138000058],[-90.921291691999954,28.977605120000078],[-90.921284276999984,28.977651374000061],[-90.921283955999968,28.977698080000039],[-90.921290731999989,28.977744409000024],[-90.921304486999986,28.977789539000071],[-90.921324976999983,28.977832669000065],[-90.921351836999975,28.977873035000073],[-90.921384590999935,28.977909919000069],[-90.921407831999943,28.977946967000037],[-90.921426294999947,28.977986018000024],[-90.921439757999963,28.978026604000036],[-90.921448057999953,28.978068235000023],[-90.921451096999988,28.978110411000046],[-90.921448835999968,28.978152624000074],[-90.921439240999973,28.978218981000055],[-90.921436290999964,28.978285817000028],[-90.921440006999944,28.978352623000035],[-90.921450361999973,28.978418892000036],[-90.921467275999987,28.978484120000076],[-90.921490620999975,28.978547811000055],[-90.921520219999991,28.978609481000035],[-90.92154716999994,28.978645461000042],[-90.921568931999957,28.978684034000025],[-90.921585186999948,28.978724632000024],[-90.921595691999983,28.978766654000026],[-90.921600293999973,28.978809481000042],[-90.921598924999955,28.978852480000057],[-90.921591603999957,28.978895016000024],[-90.921613018999949,28.97918055100007],[-90.921605807999981,28.979225170000063],[-90.921605629999988,28.979270232000033],[-90.921612489999973,28.979314893000037],[-90.921626257999947,28.979358316000059],[-90.921646676999956,28.979399688000058],[-90.921673362999968,28.979438231000074],[-90.921705817999964,28.979473225000049],[-90.921736191999969,28.979545527000028],[-90.921761001999982,28.979619436000064],[-90.921780136999985,28.979694625000036],[-90.921793511999965,28.979770761000054],[-90.921801067999979,28.979847506000056],[-90.921802772999968,28.979924521000044],[-90.921798616999979,28.980001465000043],[-90.921848585999953,28.980044296000074],[-90.921984214999952,28.980386938000038],[-90.922019906999935,28.980658196000036],[-90.922020420999957,28.980618909000043],[-90.922027755999977,28.980580146000079],[-90.922041742999966,28.980542810000031],[-90.922062055999959,28.980507768000052],[-90.922088223999936,28.98047583500005],[-90.922119635999991,28.980447753000078],[-90.922155564999969,28.980424176000042],[-90.922195172999977,28.980405651000069],[-90.922237539999969,28.980392609000035],[-90.922281681999948,28.980385354000077],[-90.922326570999985,28.980384053000023],[-90.922371163999969,28.980388738000045],[-90.922414424999943,28.980399299000055],[-90.922455347999971,28.980415491000031],[-90.92248703599995,28.980444809000062],[-90.922514173999957,28.980477434000079],[-90.922536315999992,28.980512829000077],[-90.922553095999945,28.980550412000071],[-90.922564238999939,28.98058956400007],[-90.922569561999978,28.980629643000043],[-90.922620602999984,28.980645909000032],[-90.922673587999952,28.980656390000036],[-90.922727663999979,28.980660917000023],[-90.922781959999952,28.980659418000073],[-90.922835601999964,28.980651916000056],[-90.922887725999942,28.980638533000047],[-90.922937492999949,28.980619484000044],[-90.922984101999987,28.980595075000053],[-90.923026801999981,28.980565700000056],[-90.923064906999969,28.980531831000064],[-90.923097802999962,28.980494014000044]]]},"properties":{"OBJECTID":8488,"State":"LA","LeaseNo":"OCS-G-33039","ProjectID":"Raccoon Island TE48 2011","BorrowArea":"Raccoon Island Borrow Area","ConstructionStart":1351728000000,"ConstructionComplete":1362096000000,"DredgeVolCalc":1060479.77,"DredgeVolRep":null,"Dredge_GlobalLeaseID":"{511ADE68-0BBF-4B77-AF3A-474CA4379EDC}","Dredge_GlobalReportID":"{85E4E9A9-0A9F-4572-A523-E1A0FA6B31B5}","RuleID":1,"Override":null,"created_date":null,"last_edited_date":null,"SHAPE_Length":0.013836655817528709,"SHAPE_Area":9.2713536844379635e-06}},{"type":"Feature","id":8489,"geometry":{"type":"Polygon","coordinates":[[[-89.512526618999971,29.107997066000053],[-89.511872267999991,29.107372457000054],[-89.51231841699996,29.107104768000056],[-89.512376292999988,29.107086179000078],[-89.512431466999942,29.107062123000048],[-89.512483263999968,29.107032892000063],[-89.512531050999939,29.106998845000078],[-89.512574245999986,29.106960397000023],[-89.512612317999981,29.106918017000055],[-89.51264480399999,29.106872225000075],[-89.512671305999959,29.106823580000025],[-89.51269149999996,29.106772676000048],[-89.51270513999998,29.106720135000046],[-89.512712058999966,29.10666660000004],[-89.512712170999976,29.106612725000048],[-89.51270547699994,29.106559168000047],[-89.512692056999981,29.106506584000044],[-89.512672074999955,29.106455616000062],[-89.512645776999989,29.106406886000059],[-89.512613482999939,29.106360990000042],[-89.512575586999958,29.106318490000035],[-89.512532553999961,29.106279904000075],[-89.512484908999966,29.10624570400006],[-89.512433234999946,29.106216308000057],[-89.512378161999948,29.106192075000024],[-89.512320363999947,29.106173302000059],[-89.512260547999972,29.10616021800007],[-89.512199443999975,29.106152983000072],[-89.512140268999985,29.106125595000037],[-89.512084424999955,29.106093306000048],[-89.512032443999942,29.106056420000073],[-89.511984817999974,29.106015289000027],[-89.511942000999966,29.105970303000049],[-89.511904397999956,29.105921889000058],[-89.511872366999967,29.105870508000066],[-89.511846211999966,29.105816646000051],[-89.511826180999947,29.105760816000043],[-89.511812464999991,29.105703548000065],[-89.511805193999976,29.105645385000059],[-89.511804435999977,29.105586880000033],[-89.511810198999967,29.105528588000027],[-89.511822428999949,29.105471063000039],[-89.511841008999966,29.105414851000035],[-89.511865762999946,29.105360486000052],[-89.511896454999942,29.105308484000034],[-89.511932793999961,29.105259339000042],[-89.511974435999946,29.105213518000028],[-89.512020983999946,29.105171456000051],[-89.51206459399998,29.105141287000038],[-89.512103671999967,29.105106701000068],[-89.512137637999956,29.105068213000038],[-89.512165984999967,29.105026398000064],[-89.512188290999973,29.104981876000068],[-89.512204223999959,29.104935312000066],[-89.512213546999988,29.104887399000063],[-89.512216120999938,29.104838851000068],[-89.512211906999937,29.104790390000062],[-89.512200967999945,29.104742738000027],[-89.512183466999943,29.104696606000061],[-89.512159664999956,29.104652680000072],[-89.512129915999935,29.104611614000078],[-89.51209466399996,29.10457402000003],[-89.512054432999946,29.104540458000031],[-89.512009821999982,29.104511427000034],[-89.511961496999959,29.104487361000054],[-89.511634321999964,29.103595063000057],[-89.511674351999943,29.103476580000063],[-89.511707709999939,29.103356530000042],[-89.511734313999966,29.103235199000039],[-89.511754102999987,29.103112877000058],[-89.511767027999952,29.102989856000079],[-89.51177305899995,29.102866430000063],[-89.511772180999969,29.102742894000073],[-89.51176439599999,29.10261954300006],[-89.51174972299998,29.10249667100004],[-89.511728196999968,29.102374572000031],[-89.511699869999973,29.10225353800007],[-89.511664808999967,29.102133858000059],[-89.511623096999983,29.102015817000051],[-89.511574834999976,29.101899697000079],[-89.511629196999991,29.101778590000038],[-89.511677321999969,29.101655486000027],[-89.511719115999938,29.101530628000035],[-89.511754494999991,29.101404265000042],[-89.511783387999969,29.101276650000045],[-89.511805738999954,29.101148035000051],[-89.511821502999965,29.10101867700007],[-89.511830647999943,29.100888834000045],[-89.511833155999966,29.100758763000044],[-89.511829021999972,29.100628723000057],[-89.51181825499998,29.100498974000061],[-89.511800874999949,29.100369774000058],[-89.511776917999953,29.100241379000067],[-89.511746430999949,29.100114045000055],[-89.511709474999975,29.099988026000062],[-89.511666123999987,29.099863572000061],[-89.511616461999949,29.099740932000032],[-89.511560590999977,29.099620349000077],[-89.511498618999951,29.099502063000045],[-89.51143067199996,29.099386309000067],[-89.511356883999952,29.099273319000076],[-89.511277401999962,29.099163317000034],[-89.511319208999964,29.099005558000044],[-89.511354556999947,29.098846598000023],[-89.511383399999943,29.098686638000061],[-89.51140570299998,29.098525882000047],[-89.511421435999978,29.098364533000051],[-89.511430580999956,29.098202796000066],[-89.51143312399995,29.098040877000074],[-89.511429063999969,29.097878982000054],[-89.511418403999983,29.097717315000068],[-89.511401159999991,29.097556083000029],[-89.511377351999954,29.097395490000054],[-89.511347010999941,29.097235739000041],[-89.511310174999949,29.097077035000041],[-89.511266890999991,29.09691957800004],[-89.511217214999988,29.096763568000028],[-89.511161207999976,29.096609203000071],[-89.511098942999979,29.096456680000074],[-89.511021448999941,29.096336273000077],[-89.510949766999943,29.096213148000061],[-89.510884020999981,29.096087519000037],[-89.510824327999956,29.09595960300004],[-89.510770788999935,29.095829624000032],[-89.510723497999948,29.095697807000079],[-89.51068253699998,29.095564382000077],[-89.51065697699994,29.095501807000062],[-89.51062540099997,29.095441366000045],[-89.510588040999949,29.095383498000047],[-89.510545166999975,29.095328626000025],[-89.510497092999969,29.095277150000072],[-89.510444168999982,29.09522944400004],[-89.510386780999966,29.095185857000047],[-89.510325346999991,29.095146707000026],[-89.510260314999982,29.095112278000045],[-89.510192159999974,29.095082822000052],[-89.510121376999962,29.095058554000047],[-89.510048482999991,29.095039650000047],[-89.509974009999951,29.095026249000057],[-89.509898498999974,29.095018447000029],[-89.509822502999953,29.095016302000033],[-89.509746573999962,29.095019829000023],[-89.509671265999941,29.095029003000036],[-89.509670536999977,29.095219256000064],[-89.509663293999949,29.095409404000065],[-89.509649542999966,29.095599277000076],[-89.509629296999947,29.095788706000064],[-89.509602572999938,29.09597751900003],[-89.509569395999961,29.096165549000034],[-89.509529793999945,29.096352628000034],[-89.509483803999956,29.096538586000065],[-89.509431466999956,29.096723259000044],[-89.509372829999961,29.09690648000003],[-89.509307944999989,29.097088086000042],[-89.509236869999938,29.097267914000042],[-89.509159668999985,29.097445802000038],[-89.509076410999967,29.097621592000053],[-89.508987170999944,29.09779512700004],[-89.509492806999958,29.099787925000044],[-89.509402981999983,29.099883732000023],[-89.509318406999967,29.099983120000047],[-89.509239268999977,29.100085870000044],[-89.509165742999983,29.100191755000026],[-89.509097990999976,29.100300541000024],[-89.509036161999973,29.100411988000076],[-89.508980392999945,29.100525849000064],[-89.508930806999956,29.100641874000075],[-89.50888751399998,29.100759806000042],[-89.508850608999978,29.100879384000052],[-89.508820173999936,29.101000346000035],[-89.508796275999941,29.10112242200006],[-89.508778967999945,29.101245345000052],[-89.50873859099994,29.101350345000071],[-89.508704838999961,29.101457116000063],[-89.508677812999963,29.101565338000057],[-89.508657593999942,29.101674689000049],[-89.508644241999946,29.10178484100004],[-89.508637796999949,29.101895467000077],[-89.508638278999967,29.102006234000044],[-89.508645685999966,29.102116813000066],[-89.50865999499996,29.102226873000063],[-89.508687168999984,29.102307195000037],[-89.508707386999959,29.102389069000026],[-89.508720534999952,29.102472036000052],[-89.508726538999952,29.102555629000051],[-89.508725364999975,29.102639381000074],[-89.508717020999939,29.102722821000043],[-89.50870155399997,29.102805481000075],[-89.508679047999976,29.102886898000065],[-89.508649631999958,29.102966615000071],[-89.50861347099999,29.103044184000055],[-89.508570765999991,29.10311917100006],[-89.508154359999935,29.104755050000051],[-89.508112832999984,29.104827453000041],[-89.508077622999963,29.104902368000069],[-89.508048924999969,29.104979374000038],[-89.508026901999983,29.105058041000063],[-89.508011674999977,29.105137926000054],[-89.508003331999987,29.105218582000077],[-89.508001916999945,29.10529955800007],[-89.508007439999972,29.105380400000058],[-89.508019868999952,29.105460654000069],[-89.50803913499999,29.10553987000003],[-89.508065129999977,29.105617605000077],[-89.508273332999977,29.106985795000071],[-89.508279207999976,29.10705641900006],[-89.508292177999977,29.107126318000041],[-89.508312142999955,29.10719494600005],[-89.50833894799996,29.107261772000072],[-89.508372383999983,29.107326275000048],[-89.50841219199998,29.107387955000036],[-89.508458062999978,29.107446333000041],[-89.508509639999943,29.107500954000045],[-89.508566521999967,29.107551394000041],[-89.508628266999949,29.10759726200007],[-89.508694394999964,29.107638200000054],[-89.508764392999979,29.107673892000037],[-89.50883771599996,29.107704058000024],[-89.508913794999955,29.107728466000026],[-89.508992038999963,29.107746925000072],[-89.509071838999944,29.107759292000026],[-89.509152575999963,29.10776547100005],[-89.509233621999954,29.107765413000038],[-89.509314346999986,29.107759120000026],[-89.509433078999962,29.107785177000039],[-89.509550081999976,29.107816644000025],[-89.509665032999976,29.107853433000059],[-89.509777615999951,29.107895443000075],[-89.50988751899996,29.107942558000047],[-89.509994440999947,29.107994648000044],[-89.510098085999971,29.108051570000043],[-89.510198167999988,29.108113166000066],[-89.510294411999951,29.108179267000025],[-89.510386551999943,29.108249690000036],[-89.51047433399998,29.108324242000037],[-89.511664064999991,29.109008337000034],[-89.511730560999979,29.109031368000046],[-89.511799295999936,29.109048671000039],[-89.511869623999985,29.109060084000077],[-89.511940884999945,29.109065501000032],[-89.51201241199999,29.109064871000044],[-89.512083534999988,29.10905819900006],[-89.512153584999965,29.109045549000029],[-89.512221905999979,29.109027038000079],[-89.51228785699999,29.109002841000063],[-89.512350820999984,29.108973184000035],[-89.512410206999959,29.108938346000059],[-89.512465456999962,29.10889865200005],[-89.512516053999946,29.108854475000044],[-89.512561523999977,29.108806230000027],[-89.51260143899998,29.108754369000053],[-89.512635425999974,29.10869937800004],[-89.512663165999982,29.108641773000045],[-89.512684398999966,29.108582093000052],[-89.512698925999985,29.108520899000041],[-89.512706610999942,29.108458764000034],[-89.512707380999984,29.108396271000061],[-89.512701228999958,29.108334006000064],[-89.51268821299999,29.108272553000063],[-89.512668455999972,29.108212488000049],[-89.512642140999958,29.108154374000037],[-89.512609516999987,29.108098756000061],[-89.51257088899996,29.108046155000068],[-89.512526618999971,29.107997066000053]]]},"properties":{"OBJECTID":8489,"State":"LA","LeaseNo":"OCS-G-25379","ProjectID":"Pelican Island 2008","BorrowArea":"Southeast","ConstructionStart":1333238400000,"ConstructionComplete":1352160000000,"DredgeVolCalc":4722908.3899999997,"DredgeVolRep":null,"Dredge_GlobalLeaseID":"{B0AF5BFE-A2E8-4250-8BAC-B1381AC3784F}","Dredge_GlobalReportID":"{FB1A53A0-8AE4-4AE3-9C9E-F875E28EAE48}","RuleID":1,"Override":null,"created_date":null,"last_edited_date":null,"SHAPE_Length":0.034017571361413465,"SHAPE_Area":3.8438046373826912e-05}},{"type":"Feature","id":8490,"geometry":{"type":"Polygon","coordinates":[[[-80.091481534999957,25.687740979000068],[-80.091502244999958,25.685010748000025],[-80.092232964999937,25.683664423000039],[-80.093638676999944,25.683836039000028],[-80.094340614999965,25.684146056000031],[-80.094961761999969,25.683490990000053],[-80.095953501999986,25.682553453000025],[-80.095141521999949,25.680997251000065],[-80.093508303999954,25.680481153000073],[-80.092576075999943,25.682741030000045],[-80.090265293999948,25.682726639000066],[-80.090225953999948,25.687905933000025],[-80.091231858999947,25.687912203000053],[-80.091481534999957,25.687740979000068]]]},"properties":{"OBJECTID":8490,"State":"FL","LeaseNo":"OCS-A-0481","ProjectID":"Miami-Dade County 2011","BorrowArea":"SGC-EXT Borrow Area","ConstructionStart":1317427200000,"ConstructionComplete":1346457600000,"DredgeVolCalc":265187.59000000003,"DredgeVolRep":null,"Dredge_GlobalLeaseID":"{EF28E016-1195-435F-81FB-37740026B489}","Dredge_GlobalReportID":"{E58631F0-420D-470C-9359-DA8ECFF24F57}","RuleID":1,"Override":null,"created_date":null,"last_edited_date":null,"SHAPE_Length":0.023424801047667195,"SHAPE_Area":1.5976651085813516e-05}},{"type":"Feature","id":8491,"geometry":{"type":"Polygon","coordinates":[[[-93.547579417999941,29.69580673400003],[-93.548217112999964,29.695397466000031],[-93.54823614899999,29.694283879000068],[-93.547893506999969,29.693960272000027],[-93.547741220999967,29.693236916000046],[-93.547560381999972,29.693246434000059],[-93.547569899999985,29.692656327000066],[-93.546008972999971,29.691200097000035],[-93.543420119999951,29.691190579000079],[-93.543420119999951,29.692608738000047],[-93.542915673999971,29.693617630000062],[-93.542915673999971,29.694141111000079],[-93.543134584999962,29.694464718000063],[-93.54453370799996,29.695683002000067],[-93.544524189999947,29.696225519000052],[-93.544876349999981,29.696235037000065],[-93.545047670999963,29.69791017700004],[-93.54542838499998,29.697881624000047],[-93.545323688999986,29.696615750000035],[-93.545799580999983,29.696615750000035],[-93.545799800999987,29.696433892000073],[-93.546189811999966,29.69643491100004],[-93.546189811999966,29.696644304000074],[-93.547023530999979,29.696647469000027],[-93.547579417999941,29.696111305000045],[-93.547579417999941,29.69580673400003]]]},"properties":{"OBJECTID":8491,"State":"LA","LeaseNo":"OCS-G-23707","ProjectID":"Holly Beach 2002","BorrowArea":"Peveto Channel","ConstructionStart":1022889600000,"ConstructionComplete":1049155200000,"DredgeVolCalc":2923252.6200000001,"DredgeVolRep":null,"Dredge_GlobalLeaseID":"{A00D7BD0-247A-415F-9C70-C48C824344E2}","Dredge_GlobalReportID":"{D5CF8F67-B375-49F6-A0A7-6CE326E2A1ED}","RuleID":1,"Override":null,"created_date":null,"last_edited_date":null,"SHAPE_Length":0.021290904183678169,"SHAPE_Area":2.1854725234070814e-05}},{"type":"Feature","id":8492,"geometry":{"type":"Polygon","coordinates":[[[-79.856263515999956,32.629961673000025],[-79.855815876999941,32.629923877000067],[-79.855622923999988,32.630098805000046],[-79.855608181999969,32.630646795000075],[-79.855013317999976,32.630651466000074],[-79.854550711999934,32.631004250000046],[-79.854700846999947,32.631360034000068],[-79.862891324999964,32.630944674000034],[-79.862816854999949,32.630631901000072],[-79.862256462999937,32.630295665000062],[-79.86161044499994,32.63030423400005],[-79.861684914999955,32.629961673000025],[-79.861061536999955,32.629668319000075],[-79.859569973999953,32.629708476000076],[-79.859532205999983,32.629126663000079],[-79.856442800999957,32.629355516000032],[-79.856205326999941,32.629534958000079],[-79.856263515999956,32.629961673000025]]]},"properties":{"OBJECTID":8492,"State":"SC","LeaseNo":"OCS-A-0504","ProjectID":"Folly Beach 2014","BorrowArea":"Borrow Area C","ConstructionStart":1396483200000,"ConstructionComplete":1397347200000,"DredgeVolCalc":213113.01000000001,"DredgeVolRep":204575,"Dredge_GlobalLeaseID":"{9223CABF-8777-427A-8D39-9632F79E3922}","Dredge_GlobalReportID":"{0AA8E105-9C33-407C-B00F-2A4ACB19CE07}","RuleID":1,"Override":null,"created_date":null,"last_edited_date":null,"SHAPE_Length":0.01958363896718698,"SHAPE_Area":1.1425928623672392e-05}},{"type":"Feature","id":8493,"geometry":{"type":"Polygon","coordinates":[[[-79.865132362999987,32.621154901000068],[-79.864733513999965,32.617207670000028],[-79.860249898999939,32.61737271100003],[-79.859851049999975,32.617730300000062],[-79.859438446999945,32.61869303900005],[-79.858819542999981,32.618720546000077],[-79.858406940999942,32.619146902000068],[-79.858503214999985,32.619408217000057],[-79.858076858999937,32.619408217000057],[-79.857774283999959,32.619724546000043],[-79.857815543999948,32.62004087400004],[-79.857402940999975,32.620054628000048],[-79.857017844999973,32.620467230000031],[-79.857059105999951,32.620769806000055],[-79.856618995999952,32.620783559000074],[-79.856261406999977,32.621196162000047],[-79.856330173999936,32.621498737000024],[-79.865132362999987,32.621154901000068]]]},"properties":{"OBJECTID":8493,"State":"SC","LeaseNo":"OCS-A-0504","ProjectID":"Folly Beach 2014","BorrowArea":"Borrow Area D","ConstructionStart":1398211200000,"ConstructionComplete":1400544000000,"DredgeVolCalc":196445.32999999999,"DredgeVolRep":213426,"Dredge_GlobalLeaseID":"{9223CABF-8777-427A-8D39-9632F79E3922}","Dredge_GlobalReportID":"{0AA8E105-9C33-407C-B00F-2A4ACB19CE07}","RuleID":1,"Override":null,"created_date":null,"last_edited_date":null,"SHAPE_Length":0.024099619584737626,"SHAPE_Area":2.6721294182505603e-05}},{"type":"Feature","id":8494,"geometry":{"type":"Polygon","coordinates":[[[-78.941016596999987,33.556575897000073],[-78.942652085999953,33.554675194000026],[-78.922097969999982,33.540972450000027],[-78.920153063999976,33.543138368000029],[-78.941016596999987,33.556575897000073]]]},"properties":{"OBJECTID":8494,"State":"SC","LeaseNo":"OCS-A-0468","ProjectID":"Surfside Beach/Garden City 2007","BorrowArea":"Surfside","ConstructionStart":1194998400000,"ConstructionComplete":1203292800000,"DredgeVolCalc":747657.33100000001,"DredgeVolRep":null,"Dredge_GlobalLeaseID":"{3AFDEAF3-CC99-4EFF-B5A0-F8642D4F7742}","Dredge_GlobalReportID":"{835D013C-2BD3-41DB-BF25-7B2B74E4BACD}","RuleID":1,"Override":null,"created_date":null,"last_edited_date":null,"SHAPE_Length":0.054937860407021262,"SHAPE_Area":6.6400694735807146e-05}},{"type":"Feature","id":8495,"geometry":{"type":"Polygon","coordinates":[[[-75.886051541999962,36.769416542000045],[-75.883672080999986,36.764514852000048],[-75.87556955499997,36.763096167000072],[-75.868300762999979,36.761326374000078],[-75.859907461999967,36.760582141000043],[-75.858021490999988,36.760279411000056],[-75.859639524999977,36.761707088000037],[-75.860656982999956,36.762272119000045],[-75.866111658999955,36.76541904700008],[-75.862564071999941,36.774049233000028],[-75.863208715999974,36.778030191000028],[-75.867312480999942,36.776348176000056],[-75.869633260999933,36.772795376000033],[-75.875296377999973,36.770796629000074],[-75.877624201999936,36.772121698000035],[-75.88501245599997,36.769093465000026],[-75.886051541999962,36.769416542000045]]]},"properties":{"OBJECTID":8495,"State":"VA","LeaseNo":"OCS-A-0492","ProjectID":"Dam Neck 2013","BorrowArea":"Area B","ConstructionStart":1427241600000,"ConstructionComplete":1429315200000,"DredgeVolCalc":1474802.8200000001,"DredgeVolRep":null,"Dredge_GlobalLeaseID":"{8525D046-2725-471C-B38F-3CC90FCB1034}","Dredge_GlobalReportID":"{E1F47412-292C-4C20-9D12-6DD9277964E3}","RuleID":1,"Override":null,"created_date":null,"last_edited_date":null,"SHAPE_Length":0.080910377884865159,"SHAPE_Area":0.0002139347085790938}},{"type":"Feature","id":8496,"geometry":{"type":"Polygon","coordinates":[[[-76.705790271999945,34.63725150700003],[-76.690600062999977,34.637500527000043],[-76.689747994999948,34.638453831000049],[-76.689753812999982,34.638808723000068],[-76.694251540999971,34.641401801000029],[-76.699917512999946,34.641708484000048],[-76.705861739999989,34.641611037000075],[-76.705790271999945,34.63725150700003]]]},"properties":{"OBJECTID":8496,"State":"NC","LeaseNo":"OCS-A-0491","ProjectID":"Carteret County 2013","BorrowArea":"ODMDS","ConstructionStart":1325376000000,"ConstructionComplete":1354492800000,"DredgeVolCalc":977071.34699999995,"DredgeVolRep":1042417,"Dredge_GlobalLeaseID":"{638A1970-90BA-4134-8AEE-06A4A977F34C}","Dredge_GlobalReportID":"{04A0E9AA-32F3-49AE-B486-8B799462E848}","RuleID":1,"Override":null,"created_date":null,"last_edited_date":null,"SHAPE_Length":0.037996879980117512,"SHAPE_Area":6.0765940732133819e-05}},{"type":"Feature","id":8497,"geometry":{"type":"Polygon","coordinates":[[[-83.044504417999974,27.958707385000025],[-83.043498516999989,27.959672229000034],[-83.043273364999948,27.959559653000042],[-83.04256314099996,27.960222528000031],[-83.042771479999942,27.960369591000074],[-83.042965600999935,27.960506617000078],[-83.042543436999949,27.96058832600005],[-83.042214914999988,27.960903439000049],[-83.041284738999934,27.961193166000044],[-83.040740234999987,27.960672336000073],[-83.042421096999988,27.95887310300003],[-83.041900265999971,27.958470643000055],[-83.037780970999961,27.960246202000064],[-83.045119944999954,27.966709234000064],[-83.045137497999974,27.966695138000034],[-83.045806493999976,27.967277413000033],[-83.046327324999936,27.966874953000058],[-83.04570777899994,27.966237185000068],[-83.046426183999984,27.965660284000023],[-83.048386972999936,27.967845591000071],[-83.049407837999979,27.967569107000031],[-83.051914414999942,27.970662810000078],[-83.056625562999955,27.967159042000048],[-83.051109494999935,27.961571952000043],[-83.050517641999988,27.962069108000037],[-83.048150230999966,27.959654349000061],[-83.047582052999985,27.960198854000055],[-83.047203266999986,27.959867416000066],[-83.046374672999946,27.960530291000055],[-83.044504417999974,27.958707385000025]]]},"properties":{"OBJECTID":8497,"State":"FL","LeaseNo":"OCS-G-34021","ProjectID":"Pinellas County 2011","BorrowArea":"Area L","ConstructionStart":1336867200000,"ConstructionComplete":1351728000000,"DredgeVolCalc":1959140.105,"DredgeVolRep":null,"Dredge_GlobalLeaseID":"{2EA939ED-E121-4B8B-A084-0BC5F56BA307}","Dredge_GlobalReportID":null,"RuleID":1,"Override":null,"created_date":null,"last_edited_date":null,"SHAPE_Length":0.057301587555457521,"SHAPE_Area":9.5649657933823923e-05}},{"type":"Feature","id":8498,"geometry":{"type":"Polygon","coordinates":[[[-75.223811026999954,37.838887717000034],[-75.220789907999972,37.834142483000051],[-75.19333682599995,37.852686902000073],[-75.196549262999952,37.856909362000067],[-75.223811026999954,37.838887717000034]]]},"properties":{"OBJECTID":8498,"State":"VA","LeaseNo":"OCS-A-0480","ProjectID":"Wallops Island 2011","BorrowArea":"Sub Area A-1","ConstructionStart":1333843200000,"ConstructionComplete":1344556800000,"DredgeVolCalc":3251980.4309999999,"DredgeVolRep":3662571,"Dredge_GlobalLeaseID":"{11230C1F-4BA5-4CA7-97D4-77DE3FCA5DE7}","Dredge_GlobalReportID":"{D96B29CE-3E67-4C36-95FC-BCCB6534F27D}","RuleID":1,"Override":null,"created_date":null,"last_edited_date":null,"SHAPE_Length":0.076740459491448421,"SHAPE_Area":0.00017965065095686426}},{"type":"Feature","id":8499,"geometry":{"type":"Polygon","coordinates":[[[-75.222876834999965,37.837420394000048],[-75.220868229999951,37.835339322000038],[-75.202996223999946,37.846162027000048],[-75.195603630999983,37.856869997000047],[-75.196137048999958,37.857257938000032],[-75.21277502099997,37.846183172000053],[-75.222876834999965,37.837420394000048]]]},"properties":{"OBJECTID":8499,"State":"VA","LeaseNo":"OCS-A-0494","ProjectID":"Wallops Island 2014","BorrowArea":"Sub Area A-1","ConstructionStart":1405641600000,"ConstructionComplete":1411776000000,"DredgeVolCalc":1125381.5460000001,"DredgeVolRep":null,"Dredge_GlobalLeaseID":"{1E4AC598-5A79-427F-A2FE-D7B0F3AFCD34}","Dredge_GlobalReportID":"{BE3933B7-4F6E-490C-86F0-78E533748B48}","RuleID":1,"Override":null,"created_date":null,"last_edited_date":null,"SHAPE_Length":0.070817001673820795,"SHAPE_Area":0.00013103195651969801}},{"type":"Feature","id":8500,"geometry":{"type":"Polygon","coordinates":[[[-80.43305946199996,28.409082432000048],[-80.45169064199996,28.39694718100003],[-80.439555390999942,28.392878302000042],[-80.43305946199996,28.409082432000048]]]},"properties":{"OBJECTID":8500,"State":"FL","LeaseNo":"OCS-A-0461","ProjectID":"Brevard County 2005","BorrowArea":"Canaveral Shoals II","ConstructionStart":1111276800000,"ConstructionComplete":1116028800000,"DredgeVolCalc":1281369.25,"DredgeVolRep":1333510,"Dredge_GlobalLeaseID":"{3395371F-1A08-467C-AC3E-9168AD72E03F}","Dredge_GlobalReportID":"{95E781A3-7D5B-42B5-910B-C206C06B5BF9}","RuleID":1,"Override":null,"created_date":null,"last_edited_date":null,"SHAPE_Length":0.05249168609291191,"SHAPE_Area":0.00011153616694021219}},{"type":"Feature","id":8501,"geometry":{"type":"Polygon","coordinates":[[[-80.44444322999999,28.415618088000031],[-80.446059451999986,28.412440571000047],[-80.451262338999982,28.405656008000051],[-80.456187822999937,28.401944049000065],[-80.454066166999951,28.398876666000035],[-80.448246105999942,28.402698379000071],[-80.441236369999956,28.411278758000037],[-80.44444322999999,28.415618088000031]]]},"properties":{"OBJECTID":8501,"State":"FL","LeaseNo":"OCS-A-00476","ProjectID":"Brevard County 2009","BorrowArea":"Canaveral Shoals II","ConstructionStart":1266019200000,"ConstructionComplete":1271462400000,"DredgeVolCalc":675353.30000000005,"DredgeVolRep":630300,"Dredge_GlobalLeaseID":"{9B8204B3-2F0E-4843-8D53-24504F350980}","Dredge_GlobalReportID":"{EACEFF91-342C-482D-974C-BC601A8FE2B4}","RuleID":1,"Override":null,"created_date":null,"last_edited_date":null,"SHAPE_Length":0.045450089118853759,"SHAPE_Area":7.7153841509401805e-05}},{"type":"Feature","id":8502,"geometry":{"type":"Polygon","coordinates":[[[-75.843566668999983,36.724585177000051],[-75.84271006299997,36.720730451000065],[-75.853703173999975,36.716590189000044],[-75.851466479999942,36.713877603000071],[-75.835143376999952,36.719588310000063],[-75.834144003999938,36.723443036000049],[-75.839569174999951,36.726155622000078],[-75.843566668999983,36.724585177000051]]]},"properties":{"OBJECTID":8502,"State":"VA","LeaseNo":"OCS-A-00467","ProjectID":"Sandbridge 2007","BorrowArea":"Area A","ConstructionStart":1183161600000,"ConstructionComplete":1190332800000,"DredgeVolCalc":2225990.2200000002,"DredgeVolRep":2229723,"Dredge_GlobalLeaseID":"{A9CD6BD5-0B94-4441-B174-2F0A6F7FEB95}","Dredge_GlobalReportID":"{B64B10A2-8B5F-4789-8BCB-FE3B9C09DB8F}","RuleID":1,"Override":null,"created_date":null,"last_edited_date":null,"SHAPE_Length":0.050847329154764809,"SHAPE_Area":9.2975251028648426e-05}},{"type":"Feature","id":8503,"geometry":{"type":"Polygon","coordinates":[[[-75.887902185999963,36.77270231500006],[-75.883907008999984,36.764291415000059],[-75.862315872999943,36.759642606000057],[-75.869908341999974,36.780364209000027],[-75.887902185999963,36.77270231500006]]]},"properties":{"OBJECTID":8503,"State":"VA","LeaseNo":"OCS-A-00467","ProjectID":"Sandbridge 2007","BorrowArea":"Area B","ConstructionStart":1183161600000,"ConstructionComplete":1190332800000,"DredgeVolCalc":397163.97999999998,"DredgeVolRep":165750,"Dredge_GlobalLeaseID":"{A9CD6BD5-0B94-4441-B174-2F0A6F7FEB95}","Dredge_GlobalReportID":"{B64B10A2-8B5F-4789-8BCB-FE3B9C09DB8F}","RuleID":1,"Override":null,"created_date":null,"last_edited_date":null,"SHAPE_Length":0.073023410191890528,"SHAPE_Area":0.00029703102773804164}},{"type":"Feature","id":8504,"geometry":{"type":"Polygon","coordinates":[[[-81.254889224999943,30.347882514000048],[-81.254969106999965,30.349384291000035],[-81.257152215999952,30.349446035000028],[-81.257645958999944,30.349055154000041],[-81.257872257999963,30.348417402000052],[-81.257780808999939,30.347886798000047],[-81.264895019999983,30.347909100000038],[-81.264917321999974,30.34929180000006],[-81.268061847999945,30.349314101000061],[-81.267994942999962,30.344050923000054],[-81.266389257999947,30.344047180000075],[-81.265936734999968,30.343582831000049],[-81.265340127999934,30.34362397600006],[-81.264558367999939,30.343788557000039],[-81.264064225999959,30.344041760000039],[-81.263529734999963,30.343541686000037],[-81.26270677399998,30.344038596000075],[-81.258427554999969,30.344028621000064],[-81.257892830999936,30.343870848000051],[-81.258423414999982,30.34326261800004],[-81.258405253999967,30.339902824000035],[-81.253231281999945,30.339880523000033],[-81.253255926999941,30.345105301000046],[-81.253737156999989,30.345125779000057],[-81.253611707999937,30.34776019800006],[-81.254889224999943,30.347882514000048]]]},"properties":{"OBJECTID":8504,"State":"FL","LeaseNo":"OCS-A-0479","ProjectID":"Duval County 2011","BorrowArea":"Duval Borrow Area A2","ConstructionStart":1310083200000,"ConstructionComplete":1313452800000,"DredgeVolCalc":860146.82999999996,"DredgeVolRep":811300,"Dredge_GlobalLeaseID":"{18D3B077-A211-46EF-A2B8-F808AAA5BA1C}","Dredge_GlobalReportID":"{DE8F1CEF-61BC-4965-8146-A9F723D2EEAB}","RuleID":1,"Override":null,"created_date":null,"last_edited_date":null,"SHAPE_Length":0.052142623521684091,"SHAPE_Area":8.6631447511268525e-05}},{"type":"Feature","id":8505,"geometry":{"type":"Polygon","coordinates":[[[-80.100515907999977,27.299146863000033],[-80.094473796999978,27.295290719000036],[-80.08791589599997,27.300055636000025],[-80.086565016999941,27.30339599000007],[-80.090470283999935,27.301627567000025],[-80.087203613999975,27.305852132000041],[-80.088235193999935,27.307031081000048],[-80.100515907999977,27.299146863000033]]]},"properties":{"OBJECTID":8505,"State":"FL","LeaseNo":"OCS-A-0484","ProjectID":"Martin County 2012","BorrowArea":"Borrow Area C1-B","ConstructionStart":1364169600000,"ConstructionComplete":1368748800000,"DredgeVolCalc":916150.56099999999,"DredgeVolRep":613017,"Dredge_GlobalLeaseID":"{6367186A-A882-493D-8330-D4F0F819BE0F}","Dredge_GlobalReportID":"{5F041122-2852-4F49-9670-C157FFFB69C1}","RuleID":1,"Override":null,"created_date":null,"last_edited_date":null,"SHAPE_Length":0.04466465872078889,"SHAPE_Area":7.1904206192739133e-05}},{"type":"Feature","id":8506,"geometry":{"type":"Polygon","coordinates":[[[-80.456359325999983,28.402082746000076],[-80.445784955999954,28.40895630600005],[-80.450984999999946,28.415809000000024],[-80.453225999999972,28.412213000000065],[-80.455347999999958,28.412246000000039],[-80.458608999999967,28.403957000000048],[-80.456359325999983,28.402082746000076]]]},"properties":{"OBJECTID":8506,"State":"FL","LeaseNo":"OCS-FL-2005","ProjectID":"Patrick Air Force Base 2005","BorrowArea":"Canaveral Shoals II","ConstructionStart":1109808000000,"ConstructionComplete":1111104000000,"DredgeVolCalc":1295432.79,"DredgeVolRep":321500,"Dredge_GlobalLeaseID":"{6ADE1439-642C-4FDE-9C78-BD8C90E11544}","Dredge_GlobalReportID":"{D94ABB70-B7F2-449A-9210-4BF43DF4792C}","RuleID":1,"Override":null,"created_date":null,"last_edited_date":null,"SHAPE_Length":0.039409238891006504,"SHAPE_Area":8.2999742016502383e-05}},{"type":"Feature","id":8507,"geometry":{"type":"Polygon","coordinates":[[[-75.872257607999984,36.735639912000067],[-75.861335881999935,36.708870976000071],[-75.853983347999986,36.710726955000041],[-75.865261992999933,36.735425761000045],[-75.872257607999984,36.735639912000067]]]},"properties":{"OBJECTID":8507,"State":"VA","LeaseNo":"OCS-A-0492","ProjectID":"Dam Neck 2013","BorrowArea":"Area A","ConstructionStart":1427241600000,"ConstructionComplete":1429315200000,"DredgeVolCalc":null,"DredgeVolRep":613545,"Dredge_GlobalLeaseID":"{8525D046-2725-471C-B38F-3CC90FCB1034}","Dredge_GlobalReportID":"{E1F47412-292C-4C20-9D12-6DD9277964E3}","RuleID":1,"Override":null,"created_date":null,"last_edited_date":null,"SHAPE_Length":0.070645445275315799,"SHAPE_Area":0.00019372900540663964}},{"type":"Feature","id":8508,"geometry":{"type":"Polygon","coordinates":[[[-80.448161212999935,28.395804119000047],[-80.447510221999948,28.395532872000047],[-80.446479484999941,28.394990380000024],[-80.443495774999974,28.394176640000069],[-80.442465038999956,28.395478623000031],[-80.439535576999958,28.40068655400006],[-80.438182506999965,28.405072368000049],[-80.437935895999942,28.405301421000047],[-80.437040109999941,28.407630462000043],[-80.433783329999983,28.409158335000029],[-80.431506665999962,28.411272906000079],[-80.432560715999955,28.411758104000057],[-80.437853849999954,28.41419462600004],[-80.43806200399996,28.413577341000064],[-80.439427078999984,28.409529187000032],[-80.44197679499996,28.40882394700003],[-80.44043568799998,28.41436230100004],[-80.443441525999958,28.415930603000049],[-80.451958662999971,28.400957801000061],[-80.448161212999935,28.395804119000047]]]},"properties":{"OBJECTID":8508,"State":"FL","LeaseNo":"OCS-A-0493","ProjectID":"Brevard County 2013","BorrowArea":"Canaveral Shoals II","ConstructionStart":1385510400000,"ConstructionComplete":1398124800000,"DredgeVolCalc":2664581.7000000002,"DredgeVolRep":1724476,"Dredge_GlobalLeaseID":"{D68EEAA6-C192-48F7-8526-26C3C319E582}","Dredge_GlobalReportID":"{DD1B219D-0CCC-4A8A-874C-C8A33A8740A4}","RuleID":1,"Override":null,"created_date":null,"last_edited_date":null,"SHAPE_Length":0.074047792876182392,"SHAPE_Area":0.00020186262835583495}},{"type":"Feature","id":8509,"geometry":{"type":"Polygon","coordinates":[[[-80.453838352999981,28.398811549000072],[-80.452349947999949,28.396795624000049],[-80.448747211999944,28.395407955000053],[-80.438438303999988,28.399724605000074],[-80.441378009999937,28.404591321000055],[-80.453838352999981,28.398811549000072]]]},"properties":{"OBJECTID":8509,"State":"FL","LeaseNo":"OCS-A-0454","ProjectID":"Brevard County 2000","BorrowArea":"Canaveral Shoals II","ConstructionStart":970358400000,"ConstructionComplete":986688000000,"DredgeVolCalc":5075000.5420000004,"DredgeVolRep":4800000,"Dredge_GlobalLeaseID":"{58B42DDD-AC6A-4134-A0BD-280740AB7960}","Dredge_GlobalReportID":"{5C97B81B-B2B7-4DDB-899F-2CA2E4E43EC8}","RuleID":1,"Override":null,"created_date":null,"last_edited_date":null,"SHAPE_Length":0.03696401537462226,"SHAPE_Area":6.9946612188240514e-05}},{"type":"Feature","id":8510,"geometry":{"type":"Polygon","coordinates":[[[-80.456359325999983,28.402082746000076],[-80.45390813299997,28.398762801000032],[-80.441378009999937,28.404591321000055],[-80.444918647999941,28.408988565000072],[-80.456359325999983,28.402082746000076]]]},"properties":{"OBJECTID":8510,"State":"FL","LeaseNo":"OCS-FL-2000","ProjectID":"Patrick Air Force Base 2001","BorrowArea":"Canaveral Shoals II","ConstructionStart":976406400000,"ConstructionComplete":987379200000,"DredgeVolCalc":null,"DredgeVolRep":590000,"Dredge_GlobalLeaseID":"{E6D9FB41-DD7B-4BF8-B2CB-18A05EB9ACFA}","Dredge_GlobalReportID":"{29F6A027-8D28-429A-B583-F2B3B28135FA}","RuleID":1,"Override":null,"created_date":null,"last_edited_date":null,"SHAPE_Length":0.036955061592881713,"SHAPE_Area":6.5322302246370871e-05}},{"type":"Feature","id":8511,"geometry":{"type":"Polygon","coordinates":[[[-81.28243109999994,30.323456011000076],[-81.279888164999988,30.310191305000046],[-81.278381172999957,30.310778239000058],[-81.276636234999955,30.31044511500005],[-81.274558171999956,30.310889281000073],[-81.269624756999974,30.311523804000046],[-81.26795571699995,30.311709840000049],[-81.278807876999963,30.324404153000046],[-81.28028932999996,30.324854674000051],[-81.28243109999994,30.323456011000076]]]},"properties":{"OBJECTID":8511,"State":"FL","LeaseNo":"OCS-A-0511","ProjectID":"Duval County 2016","BorrowArea":"DSS","ConstructionStart":1474156800000,"ConstructionComplete":1495584000000,"DredgeVolCalc":1069668,"DredgeVolRep":1079900,"Dredge_GlobalLeaseID":"{0CC49A0F-3742-47A3-B651-0C81D00DBD0A}","Dredge_GlobalReportID":"{3F141DC9-C138-456E-B9C3-E9894FC72082}","RuleID":1,"Override":null,"created_date":null,"last_edited_date":null,"SHAPE_Length":0.046485596529346376,"SHAPE_Area":0.00011023869190237667}},{"type":"Feature","id":8512,"geometry":{"type":"MultiPolygon","coordinates":[[[[-75.664112113999977,36.197418398000025],[-75.664381785999979,36.197608754000044],[-75.664857677999976,36.197783248000064],[-75.665254254999979,36.198021194000034],[-75.665698420999945,36.198243277000074],[-75.666555026999958,36.198354319000032],[-75.667364043999953,36.19844949700007],[-75.667871661999982,36.198401908000051],[-75.668204786999979,36.198195688000055],[-75.668648952999945,36.197926016000054],[-75.669061392999936,36.197672207000039],[-75.669410379999988,36.197370808000073],[-75.669537284999933,36.197021821000078],[-75.669838682999966,36.196641107000062],[-75.670124217999955,36.196070036000037],[-75.670631836999974,36.195689323000067],[-75.670949097999937,36.195403787000032],[-75.671202906999952,36.195023074000062],[-75.67139326399996,36.194531318000031],[-75.671980197999972,36.194245783000042],[-75.672503678999988,36.194214057000067],[-75.673106475999987,36.194039563000047],[-75.673503052999934,36.193769891000045],[-75.67356650499994,36.193389177000029],[-75.673518915999978,36.19296087400005],[-75.673296832999938,36.192548434000059],[-75.67272576299996,36.19250084500004],[-75.672249869999973,36.192342214000064],[-75.671900882999978,36.192135994000068],[-75.671424989999934,36.192009090000056],[-75.671234633999973,36.192009090000056],[-75.670758740999986,36.192009090000056],[-75.670203533999938,36.191850459000079],[-75.669886271999985,36.191675965000059],[-75.669854545999954,36.191580787000078],[-75.670330437999951,36.19124766200008],[-75.670727014999954,36.191342840000061],[-75.671060139999952,36.191374567000025],[-75.67171052599997,36.191263525000068],[-75.672107102999973,36.191231799000036],[-75.672487815999943,36.190882811000051],[-75.672582994999971,36.190597276000062],[-75.672503678999988,36.190311741000073],[-75.672265732999961,36.190375193000079],[-75.671932608999953,36.190581413000075],[-75.671599483999955,36.190676591000056],[-75.670949097999937,36.190803496000058],[-75.67079046799995,36.190771770000026],[-75.671044276999964,36.19061313900005],[-75.671424989999934,36.190375193000079],[-75.671773977999976,36.19015311000004],[-75.671932608999953,36.190010342000051],[-75.672107102999973,36.189804122000055],[-75.672456089999969,36.189439272000072],[-75.672662309999964,36.189153736000037],[-75.67286852999996,36.188868201000048],[-75.672900255999934,36.188360583000076],[-75.672884392999947,36.188027458000079],[-75.672757488999935,36.187741923000033],[-75.672582994999971,36.187599155000044],[-75.672329185999956,36.187599155000044],[-75.672075375999952,36.187599155000044],[-75.671837429999982,36.18766260700005],[-75.671647073999964,36.18766260700005],[-75.671536031999949,36.187551566000025],[-75.671631209999987,36.187440524000067],[-75.671758114999989,36.187297757000067],[-75.671932608999953,36.187186715000053],[-75.672440226999981,36.186948769000026],[-75.672043649999978,36.186710823000055],[-75.671647073999964,36.186615645000074],[-75.671345674999941,36.186472877000028],[-75.670917371999963,36.186266657000033],[-75.670346300999938,36.186282520000077],[-75.669759367999973,36.186472877000028],[-75.669235885999967,36.186790138000049],[-75.668664815999989,36.187012221000032],[-75.668157196999971,36.187329483000042],[-75.667871661999982,36.187646744000062],[-75.667570263999949,36.187995732000047],[-75.667364043999953,36.188281267000036],[-75.667237138999951,36.188661981000052],[-75.667046781999943,36.189233052000077],[-75.666856424999935,36.18959790200006],[-75.66682469899996,36.190073795000046],[-75.666872287999979,36.190438645000029],[-75.666904014999943,36.190977990000079],[-75.666888151999956,36.191200073000061],[-75.666745383999967,36.191422156000044],[-75.666555026999958,36.191675965000059],[-75.666618478999965,36.191977363000035],[-75.666650204999939,36.19226289900007],[-75.666904014999943,36.192580160000034],[-75.667300590999957,36.19272292800008],[-75.667094370999962,36.19278638000003],[-75.666856424999935,36.192818106000061],[-75.666475711999965,36.192865696000069],[-75.666047408999987,36.192976737000038],[-75.665730146999977,36.193182957000033],[-75.665428748999943,36.193309862000035],[-75.665285980999954,36.193436766000048],[-75.665238391999935,36.193785754000032],[-75.665301843999941,36.194103015000053],[-75.665301843999941,36.194452003000038],[-75.665222528999948,36.194753401000071],[-75.665127349999977,36.195038937000049],[-75.664921129999982,36.195245157000045],[-75.664762499999938,36.195403787000032],[-75.664746636999951,36.195641733000059],[-75.665000445999965,36.195705186000055],[-75.665254254999979,36.19567346000008],[-75.665460474999975,36.195514829000047],[-75.665619105999951,36.195403787000032],[-75.665857051999978,36.195308609000051],[-75.666253628999982,36.195308609000051],[-75.666713657999935,36.195308609000051],[-75.667030918999956,36.195308609000051],[-75.66728472799997,36.195451376000051],[-75.667332317999978,36.195721049000042],[-75.667490947999966,36.196038310000063],[-75.667586126999936,36.196307982000064],[-75.667506810999953,36.196704559000068],[-75.667300590999957,36.19706941000004],[-75.667110234999939,36.19729149300008],[-75.666808835999973,36.197402535000037],[-75.66650743799994,36.197354945000029],[-75.666063271999974,36.197323219000054],[-75.665857051999978,36.197323219000054],[-75.665619105999951,36.197275630000036],[-75.665476337999962,36.196990095000046],[-75.665238391999935,36.196545929000024],[-75.665063897999971,36.196101762000069],[-75.664714909999987,36.195990721000044],[-75.664524553999968,36.196038310000063],[-75.664270743999964,36.196244530000058],[-75.664127976999964,36.196450750000054],[-75.664001071999962,36.196736285000043],[-75.663985208999975,36.196990095000046],[-75.664112113999977,36.197418398000025]]],[[[-75.670133735999968,36.206780783000056],[-75.67093323499995,36.207021902000065],[-75.671504305999974,36.207021902000065],[-75.671808876999989,36.206730022000045],[-75.672075375999952,36.206311237000079],[-75.672113447999948,36.205359452000039],[-75.671783495999989,36.205080262000024],[-75.671402781999973,36.203557407000062],[-75.671187043999964,36.203468574000055],[-75.670945925999945,36.203468574000055],[-75.670641354999987,36.203608169000063],[-75.670552520999934,36.203798526000071],[-75.670463687999984,36.203976192000027],[-75.670374854999977,36.20412847800003],[-75.670159116999969,36.204268073000037],[-75.669867236999949,36.204458430000045],[-75.669499212999938,36.204610715000058],[-75.669270784999981,36.204775691000066],[-75.669029665999972,36.204966048000074],[-75.668750475999957,36.205042191000075],[-75.668357071999935,36.205232548000026],[-75.668255547999934,36.205372143000034],[-75.668052500999977,36.205575190000047],[-75.667786000999968,36.20572747500006],[-75.667265692999933,36.20604473700007],[-75.666897668999979,36.206260475000079],[-75.666567716999964,36.206374689000029],[-75.666415431999951,36.206577736000042],[-75.666580407999959,36.20674271200005],[-75.66692304999998,36.206806164000056],[-75.66732914499994,36.206856926000057],[-75.66762102499996,36.206856926000057],[-75.668052500999977,36.206831545000057],[-75.66863626199995,36.206691950000049],[-75.668902761999959,36.206768093000051],[-75.669486522999989,36.206768093000051],[-75.670133735999968,36.206780783000056]]],[[[-75.666263145999949,36.204179239000041],[-75.665971265999985,36.204179239000041],[-75.665552480999963,36.20442035800005],[-75.665374813999961,36.204661477000059],[-75.66532405199996,36.204839143000072],[-75.664930647999938,36.205105643000024],[-75.664575314999979,36.205232548000026],[-75.664270743999964,36.205321381000033],[-75.664105767999956,36.20543559500004],[-75.663839268999936,36.205638642000054],[-75.663661601999934,36.205803618000061],[-75.663598149999984,36.206082808000076],[-75.663725054999986,36.206273165000027],[-75.663839268999936,36.20645083200003],[-75.663966172999949,36.206603117000043],[-75.664232672999958,36.206565046000037],[-75.664613386999974,36.206400070000029],[-75.664879885999937,36.206273165000027],[-75.665184456999953,36.20601935600007],[-75.665476337999962,36.205778237000061],[-75.665730146999977,36.205511738000041],[-75.666136241999936,36.205156405000025],[-75.666529645999958,36.204902596000068],[-75.666821526999968,36.20471223900006],[-75.666770764999967,36.20444573900005],[-75.666808835999973,36.204242692000037],[-75.666643859999965,36.204103097000029],[-75.666263145999949,36.204179239000041]]]]},"properties":{"OBJECTID":8512,"State":"NC","LeaseNo":"OCS-A-0513","ProjectID":"Dare County 2016","BorrowArea":"Borrow Area C","ConstructionStart":1495497600000,"ConstructionComplete":1508544000000,"DredgeVolCalc":1044902,"DredgeVolRep":1042900,"Dredge_GlobalLeaseID":"{C7385659-CA94-4F6E-BE07-D9559184BE24}","Dredge_GlobalReportID":"{0249569D-7854-4E83-BE97-B90ABA7E0067}","RuleID":1,"Override":null,"created_date":null,"last_edited_date":null,"SHAPE_Length":0.077515992726315583,"SHAPE_Area":7.349750221543675e-05}},{"type":"Feature","id":8513,"geometry":{"type":"MultiPolygon","coordinates":[[[[-75.547876059999965,36.038573648000067],[-75.547876059999965,36.039327144000026],[-75.547757086999979,36.039763378000032],[-75.546924274999981,36.040278928000077],[-75.546686328999954,36.040834136000058],[-75.546646671999952,36.041151397000078],[-75.546131121999963,36.041508316000034],[-75.545813859999953,36.041865235000046],[-75.545417283999939,36.042341128000032],[-75.545298309999964,36.04313428100005],[-75.545536256999981,36.043729147000079],[-75.545774202999951,36.044284354000069],[-75.546210436999957,36.044641273000025],[-75.546805301999939,36.044799904000058],[-75.547757086999979,36.044799904000058],[-75.54862955599998,36.044641273000025],[-75.549858943999936,36.044165381000028],[-75.550771070999986,36.043649831000039],[-75.552159089999975,36.043015308000065],[-75.553190188999963,36.042658389000053],[-75.55366608199995,36.042063524000071],[-75.554498892999959,36.04111173900003],[-75.555529992999936,36.039961667000057],[-75.555886911999949,36.039327144000026],[-75.555609307999987,36.038692621000052],[-75.554974784999956,36.038652963000061],[-75.554736838999986,36.038494332000027],[-75.554260946999989,36.038375359000042],[-75.553388477999988,36.038494332000027],[-75.552714296999966,36.038375359000042],[-75.552476350999939,36.037939125000037],[-75.552159089999975,36.037701179000067],[-75.551603881999938,36.03746323300004],[-75.551365935999968,36.036947683000051],[-75.551246962999983,36.036471791000054],[-75.550929701999962,36.03607521400005],[-75.550572781999961,36.035638979000055],[-75.550929701999962,36.03552000600007],[-75.551564223999947,36.035440691000076],[-75.552238404999969,36.034964799000079],[-75.553110873999969,36.03436993300005],[-75.554141973999947,36.033775068000068],[-75.555054100999939,36.033299176000071],[-75.555450676999953,36.031712869000046],[-75.55592656999994,36.030126561000031],[-75.556283488999952,36.028857515000027],[-75.556521434999979,36.027588469000079],[-75.556561092999971,36.025526270000057],[-75.556600749999973,36.023067494000031],[-75.556164515999967,36.022076051000056],[-75.555490334999945,36.021124267000062],[-75.554697180999938,36.020132825000076],[-75.553785054999935,36.019220698000026],[-75.552516008999987,36.018625833000044],[-75.551881485999957,36.018625833000044],[-75.551603881999938,36.018387887000074],[-75.551762512999971,36.017832679000037],[-75.552397035999945,36.017594733000067],[-75.553071215999978,36.01652397600003],[-75.55342813599998,36.015691164000032],[-75.553785054999935,36.014501434000067],[-75.553864369999985,36.012954784000044],[-75.553785054999935,36.011011558000064],[-75.554260946999989,36.008671754000034],[-75.553864369999985,36.007442366000078],[-75.553229846999955,36.007680312000048],[-75.552357377999954,36.008195862000036],[-75.552119431999984,36.008275178000076],[-75.551484908999953,36.007521682000061],[-75.551127989999941,36.006926816000032],[-75.550691754999946,36.006768186000045],[-75.549779628999943,36.006847501000038],[-75.549343393999948,36.007085447000065],[-75.548788186999957,36.007600997000054],[-75.548351951999962,36.008949358000052],[-75.548193320999985,36.009940800000038],[-75.548193320999985,36.011249504000034],[-75.548034690999941,36.012716838000074],[-75.547598455999946,36.014699722000046],[-75.547360509999976,36.017039526000076],[-75.547558797999955,36.018427545000065],[-75.548074347999943,36.019418987000051],[-75.548470924999947,36.020608717000073],[-75.548827843999959,36.02163981700005],[-75.548827843999959,36.022908863000055],[-75.548114005999935,36.023384755000052],[-75.54767777099994,36.023583043000031],[-75.547320851999984,36.023939963000032],[-75.547003590999964,36.024534828000071],[-75.54660701399996,36.024931405000075],[-75.546329409999942,36.025684901000034],[-75.546488040999975,36.026676343000076],[-75.546884617999979,36.027033262000032],[-75.547598455999946,36.02707292000008],[-75.548669213999972,36.02731086600005],[-75.549739970999951,36.027390181000044],[-75.551088331999949,36.027509154000029],[-75.552357377999954,36.027667785000062],[-75.552793612999949,36.028064362000066],[-75.552872927999942,36.028817858000025],[-75.552872927999942,36.029650669000034],[-75.552872927999942,36.030642111000077],[-75.552833269999951,36.031236976000059],[-75.552674639999964,36.031712869000046],[-75.552476350999939,36.032030130000066],[-75.552119431999984,36.032624995000049],[-75.55172285499998,36.033140545000037],[-75.551524566999944,36.033537122000041],[-75.551405593999959,36.033973356000047],[-75.551207304999934,36.034488906000036],[-75.550572781999961,36.035083772000064],[-75.550374493999982,36.035123429000066],[-75.549779628999943,36.034766510000054],[-75.549105447999978,36.034766510000054],[-75.54831229399997,36.034964799000079],[-75.547598455999946,36.035480348000078],[-75.546884617999979,36.035876925000025],[-75.546448382999984,36.036471791000054],[-75.546369067999933,36.036987340000053],[-75.547082905999957,36.037383917000056],[-75.547796744999971,36.037820152000052],[-75.547876059999965,36.038573648000067]]],[[[-75.55172285499998,36.045632715000067],[-75.552198746999977,36.046108608000054],[-75.552317719999962,36.046663815000045],[-75.551246962999983,36.047060392000049],[-75.550374493999982,36.047813888000064],[-75.549977916999978,36.048527726000032],[-75.55001757499997,36.049281222000047],[-75.551009016999956,36.049717457000042],[-75.551881485999957,36.049082934000069],[-75.552991900999984,36.048289780000061],[-75.554578207999953,36.047615600000029],[-75.555966226999942,36.046386211000026],[-75.556799038999941,36.044918877000043],[-75.556243830999961,36.04452230000004],[-75.554895469999963,36.044720589000065],[-75.554419577999965,36.045037850000028],[-75.554379919999974,36.044720589000065],[-75.554657523999936,36.044284354000069],[-75.555054100999939,36.043649831000039],[-75.555411019999951,36.042975651000063],[-75.55592656999994,36.042380785000034],[-75.556640407999964,36.041825578000044],[-75.557592191999959,36.041468659000031],[-75.558425003999957,36.041032424000036],[-75.558821580999961,36.040635847000033],[-75.559099183999933,36.04004098200005],[-75.558662949999984,36.039763378000032],[-75.557869795999977,36.03980303600008],[-75.557354245999989,36.04004098200005],[-75.556759380999949,36.040278928000077],[-75.556045542999982,36.040794478000066],[-75.555212730999983,36.041508316000034],[-75.554379919999974,36.042380785000034],[-75.553745396999943,36.043173939000042],[-75.553388477999988,36.043848120000064],[-75.552595323999981,36.044442985000046],[-75.551762512999971,36.044958535000035],[-75.55172285499998,36.045632715000067]]],[[[-75.555728280999972,36.00859243900004],[-75.555728280999972,36.009464908000041],[-75.55592656999994,36.010456350000027],[-75.55592656999994,36.011487450000061],[-75.555767938999963,36.012756496000065],[-75.55568862399997,36.01370828000006],[-75.555411019999951,36.014818695000031],[-75.555173073999981,36.015334245000076],[-75.554895469999963,36.016127399000027],[-75.554697180999938,36.017039526000076],[-75.55481615399998,36.017515418000073],[-75.555212730999983,36.017317129000048],[-75.55568862399997,36.017039526000076],[-75.555767938999963,36.016642949000072],[-75.556164515999967,36.01573082200008],[-75.556362803999946,36.014818695000031],[-75.556957668999985,36.013985884000078],[-75.557195614999955,36.01263752300008],[-75.557433561999972,36.011170188000051],[-75.557155957999953,36.009901143000036],[-75.556759380999949,36.009028674000035],[-75.556283488999952,36.008156205000034],[-75.556005884999934,36.008116547000043],[-75.555728280999972,36.00859243900004]]]]},"properties":{"OBJECTID":8513,"State":"NC","LeaseNo":"OCS-A-0513","ProjectID":"Dare County 2016","BorrowArea":"Borrow Area A","ConstructionStart":1495497600000,"ConstructionComplete":1508544000000,"DredgeVolCalc":3547514,"DredgeVolRep":3543800,"Dredge_GlobalLeaseID":"{C7385659-CA94-4F6E-BE07-D9559184BE24}","Dredge_GlobalReportID":"{0249569D-7854-4E83-BE97-B90ABA7E0067}","RuleID":1,"Override":null,"created_date":null,"last_edited_date":null,"SHAPE_Length":0.16431164328013062,"SHAPE_Area":0.00025388689585532253}},{"type":"Feature","id":8514,"geometry":{"type":"Polygon","coordinates":[[[-80.447309134999955,28.416644835000056],[-80.447410657999967,28.416441788000043],[-80.447550252999974,28.416340264000041],[-80.447550252999974,28.416175289000023],[-80.447550252999974,28.415959551000071],[-80.447512181999969,28.415667670000062],[-80.447372586999961,28.415464623000048],[-80.447486800999968,28.415401171000042],[-80.447702538999977,28.415210814000034],[-80.447842133999984,28.415020457000026],[-80.447753300999977,28.414652433000072],[-80.447562943999969,28.414360553000051],[-80.44761370599997,28.414119434000042],[-80.447727919999977,28.413751411000078],[-80.447727919999977,28.413510292000069],[-80.447918276999985,28.413218412000049],[-80.448083252999936,28.413053436000041],[-80.448248228999944,28.412596579000024],[-80.448400513999957,28.412050889000056],[-80.448413203999962,28.411619414000029],[-80.448413203999962,28.411276771000075],[-80.448476656999958,28.411187938000069],[-80.448692394999966,28.410908748000054],[-80.448933512999986,28.410769153000047],[-80.448819298999979,28.410502653000037],[-80.449073107999936,28.410261535000075],[-80.448984274999987,28.410058487000072],[-80.448882750999985,28.409906202000059],[-80.448933512999986,28.409766607000051],[-80.449225393999939,28.40966508300005],[-80.449479202999953,28.409449345000041],[-80.449377678999952,28.409233608000079],[-80.449542654999959,28.409119393000026],[-80.449733011999967,28.408941727000069],[-80.449529964999954,28.408789442000057],[-80.449428440999952,28.408637156000054],[-80.449694940999962,28.408535632000053],[-80.450113725999984,28.408497561000047],[-80.45031677299994,28.408332585000039],[-80.45060865399995,28.407736133000071],[-80.451090890999978,28.40734272900005],[-80.451230485999986,28.407456943000057],[-80.451573128999939,28.407291967000049],[-80.451839627999959,28.407088920000035],[-80.452106127999969,28.406873182000027],[-80.451966532999961,28.406606683000064],[-80.452093436999974,28.406416326000056],[-80.452601055999935,28.406302112000049],[-80.452969078999956,28.406124445000046],[-80.453552839999986,28.405566065000073],[-80.453781267999943,28.40504575600005],[-80.453844720999939,28.404550828000026],[-80.454035077999947,28.404157424000061],[-80.454123910999954,28.403802091000045],[-80.454111219999959,28.403281782000079],[-80.454047767999953,28.402939140000058],[-80.453908172999945,28.402736093000044],[-80.453730506999989,28.402456903000029],[-80.453590911999981,28.402126951000071],[-80.453362482999978,28.401961975000063],[-80.453121364999959,28.401822380000056],[-80.452892935999955,28.401302071000032],[-80.452651817999936,28.400692929000058],[-80.452423388999989,28.400692929000058],[-80.451908941999989,28.400890322000066],[-80.451777206999964,28.400711539000042],[-80.451725666999948,28.40041354300007],[-80.451536702999988,28.400385141000072],[-80.451087389999941,28.400832665000053],[-80.450570581999955,28.400984809000079],[-80.450278701999935,28.400832524000066],[-80.450037582999983,28.400832524000066],[-80.449771083999963,28.400845214000071],[-80.44959341699996,28.400959429000068],[-80.449491892999959,28.40117516600003],[-80.449517273999959,28.401568571000041],[-80.449212702999944,28.401796999000055],[-80.448849734999953,28.402201864000062],[-80.448717774999977,28.402558426000041],[-80.448359180999944,28.40262412900006],[-80.447930966999934,28.402469593000035],[-80.44788020499999,28.402672640000048],[-80.447899717999974,28.40312238000007],[-80.447842133999984,28.403611734000037],[-80.447804061999989,28.404030520000049],[-80.447677157999976,28.40437316200007],[-80.447347205999961,28.404855399000041],[-80.447182229999953,28.405299565000064],[-80.446979182999939,28.405680279000023],[-80.446979182999939,28.405959469000038],[-80.446852277999938,28.406187898000042],[-80.446649230999981,28.406403635000061],[-80.446446182999978,28.40667013500007],[-80.446154302999958,28.407012777000034],[-80.445913183999949,28.407177753000042],[-80.445532469999989,28.407317348000049],[-80.445202517999974,28.40739349100005],[-80.444618756999944,28.407406182000045],[-80.443685715999948,28.407457343000033],[-80.443261678999988,28.406930716000033],[-80.443007068999975,28.406898563000027],[-80.442740568999966,28.406822420000026],[-80.442397926999945,28.406657444000075],[-80.442207569999937,28.406454397000061],[-80.442207569999937,28.406187898000042],[-80.442258331999938,28.405934088000038],[-80.442131426999936,28.405756422000024],[-80.441915689999973,28.405629517000079],[-80.441776094999966,28.405477232000067],[-80.441735239999957,28.405034977000071],[-80.441357308999955,28.404868090000036],[-80.44096390499999,28.404855399000041],[-80.440684714999975,28.40509651800005],[-80.440392834999955,28.405248804000053],[-80.440189786999952,28.405464541000072],[-80.440050191999944,28.406124445000046],[-80.440050191999944,28.406264040000053],[-80.439923287999989,28.40667013500007],[-80.439758311999981,28.406911254000079],[-80.439276073999963,28.40710161100003],[-80.438895359999947,28.407165063000036],[-80.438755764999939,28.407304658000044],[-80.438578098999983,28.407520396000052],[-80.438286217999973,28.407545777000053],[-80.438172003999966,28.407380801000045],[-80.437918194999952,28.407317348000049],[-80.437626314999989,28.407507705000057],[-80.437270981999973,28.407723443000066],[-80.436899779999976,28.40769629600004],[-80.436076281999988,28.408082628000045],[-80.435593843999982,28.408308958000077],[-80.435532388999945,28.408586394000054],[-80.435291269999937,28.408713299000055],[-80.435062841999979,28.408789442000057],[-80.434683925999934,28.408735833000037],[-80.434669437999958,28.408979798000075],[-80.434491770999955,28.409170155000027],[-80.434149128999934,28.409335131000034],[-80.433781105999969,28.409588940000049],[-80.433212633999972,28.409688399000061],[-80.43279163699998,28.410079422000024],[-80.432286943999941,28.41054818200007],[-80.431852155999934,28.410743772000046],[-80.431852155999934,28.411213319000069],[-80.432088582999938,28.41154077300007],[-80.432372464999958,28.411530581000079],[-80.432778558999985,28.411543271000028],[-80.432956225999988,28.411784390000037],[-80.433387700999958,28.41196205600005],[-80.433717652999974,28.412114342000052],[-80.434431562999976,28.41261928800003],[-80.434885174999977,28.412431603000073],[-80.435202436999987,28.412215865000064],[-80.43551969799995,28.412012818000051],[-80.436040006999974,28.412114342000052],[-80.436357268999984,28.411847842000043],[-80.436661839999942,28.411568652000028],[-80.436890267999956,28.411302152000076],[-80.437144076999971,28.411162557000068],[-80.437512099999935,28.411124486000062],[-80.43779129099994,28.41097220000006],[-80.438197384999967,28.41068032000004],[-80.438552717999983,28.410426511000026],[-80.439236118999986,28.410095481000042],[-80.439745620999986,28.409969654000065],[-80.440329381999959,28.409753916000057],[-80.440748166999981,28.409677774000045],[-80.441293856999948,28.409677774000045],[-80.442017212999986,28.409715845000051],[-80.442232950999937,28.409601631000044],[-80.442499450999946,28.409322441000029],[-80.442934184999956,28.409200521000059],[-80.443603520999943,28.409043251000071],[-80.443844638999963,28.409195536000027],[-80.444136519999972,28.409195536000027],[-80.444403019999982,28.409195536000027],[-80.44470759099994,28.409119393000026],[-80.445278660999975,28.409043251000071],[-80.445278660999975,28.409157465000078],[-80.445075613999961,28.409347822000029],[-80.444821804999947,28.409462036000036],[-80.444606066999938,28.409588940000049],[-80.444364947999986,28.409753916000057],[-80.444187281999973,28.409969654000065],[-80.443895400999963,28.410185392000074],[-80.443628901999944,28.410451892000026],[-80.443501996999942,28.410756463000041],[-80.443578139999943,28.411175248000063],[-80.443806567999957,28.411365605000071],[-80.444238043999974,28.41128946200007],[-80.444682209999939,28.410921439000049],[-80.444948708999959,28.41070570100004],[-80.445265970999969,28.41036305800003],[-80.445532469999989,28.409842750000053],[-80.445849731999942,28.40966508300005],[-80.446431726999947,28.409808630000043],[-80.445925874999944,28.410769153000047],[-80.445659374999934,28.411302152000076],[-80.445392874999982,28.411746318000041],[-80.445100994999962,28.411898604000044],[-80.444834494999952,28.412127032000058],[-80.444771042999946,28.412431603000073],[-80.444758351999951,28.412723484000026],[-80.444542614999989,28.412926531000039],[-80.444174590999978,28.413142269000048],[-80.443996924999965,28.413408769000057],[-80.443755805999956,28.413662578000071],[-80.44369235399995,28.413929077000034],[-80.443337020999934,28.41455091000006],[-80.443032449999976,28.414830100000074],[-80.442753259999961,28.415198123000039],[-80.442741957999942,28.415565602000072],[-80.44301975999997,28.416175289000023],[-80.443451234999941,28.416365645000042],[-80.443933472999959,28.41658138300005],[-80.445062922999966,28.416822502000059],[-80.445748207999941,28.416936716000066],[-80.446166992999963,28.41689864500006],[-80.447309134999955,28.416644835000056]]]},"properties":{"OBJECTID":8514,"State":"FL","LeaseNo":"OCS-A-0516","ProjectID":"Brevard County 2018","BorrowArea":"Canaveral Shoals II","ConstructionStart":1517616000000,"ConstructionComplete":1523404800000,"DredgeVolCalc":1149391,"DredgeVolRep":932700,"Dredge_GlobalLeaseID":"{98C9ED3F-C5F6-4A3F-B0B1-BBDB0A154D45}","Dredge_GlobalReportID":"{5091913C-2F2F-477F-B29F-6E60968EAD93}","RuleID":1,"Override":null,"created_date":null,"last_edited_date":null,"SHAPE_Length":0.085806438267677129,"SHAPE_Area":0.00011639371247875259}},{"type":"Feature","id":8515,"geometry":{"type":"Polygon","coordinates":[[[-78.857940600999939,33.637744353000073],[-78.872110585999962,33.62580702200006],[-78.86479374399994,33.617181476000042],[-78.856505287999937,33.624220715000035],[-78.855593160999945,33.62493455300006],[-78.854483134999953,33.626272079000046],[-78.850776999999937,33.628624000000059],[-78.854710633999957,33.632831641000053],[-78.856341044999965,33.634992884000042],[-78.857940600999939,33.637744353000073]]]},"properties":{"OBJECTID":8515,"State":"SC","LeaseNo":"OCS-A-0469","ProjectID":"Myrtle Beach 2007","BorrowArea":"Cane South Borrow Area","ConstructionStart":1218672000000,"ConstructionComplete":1223942400000,"DredgeVolCalc":1926344,"DredgeVolRep":null,"Dredge_GlobalLeaseID":"{BCB8ADA8-9935-4DB0-95E3-3CBE8273731E}","Dredge_GlobalReportID":"{312043D2-F66E-492C-85A3-4D091B154E1A}","RuleID":1,"Override":null,"created_date":null,"last_edited_date":null,"SHAPE_Length":0.059648886591264168,"SHAPE_Area":0.00020318302952183488}},{"type":"Feature","id":8516,"geometry":{"type":"Polygon","coordinates":[[[-90.625810875999946,28.916852235000079],[-90.629253162999987,28.911522243000036],[-90.628745543999969,28.910205608000069],[-90.627508224999985,28.909301412000048],[-90.626968879999936,28.909206234000067],[-90.626175725999985,28.908857246000025],[-90.626017095999941,28.908238586000039],[-90.625477750999949,28.907794420000073],[-90.62132162599994,28.909586948000026],[-90.615103300999976,28.906699868000032],[-90.600969302999943,28.91293405600004],[-90.600112696999986,28.913489264000077],[-90.609995391999973,28.918026103000045],[-90.615504384999952,28.916027420000034],[-90.625810875999946,28.916852235000079]]]},"properties":{"OBJECTID":8516,"State":"LA","LeaseNo":"OCS-G-35161","ProjectID":"Caminada BA143 2014","BorrowArea":"South Pelto Blocks 13 and 14","ConstructionStart":1432166400000,"ConstructionComplete":1479168000000,"DredgeVolCalc":5507845,"DredgeVolRep":5468092,"Dredge_GlobalLeaseID":"{1738041F-FFB8-4E35-B6E1-C8E4A2EED377}","Dredge_GlobalReportID":"{7AAEF216-7284-4BAE-88D2-DB8D358910FE}","RuleID":1,"Override":null,"created_date":null,"last_edited_date":null,"SHAPE_Length":0.066964888984300364,"SHAPE_Area":0.00019555701847084655}},{"type":"Feature","id":8517,"geometry":{"type":"Polygon","coordinates":[[[-74.063334899999973,39.688166400000057],[-74.068806299999949,39.68321480000003],[-74.075729799999976,39.679459700000052],[-74.08245895899995,39.66884699600007],[-74.082720412999947,39.666944126000033],[-74.082327651999947,39.666352766000045],[-74.080010652999988,39.667431883000063],[-74.07697572099994,39.669057739000039],[-74.074211764999973,39.670358424000028],[-74.07258590899994,39.670900377000066],[-74.071393613999987,39.670900377000066],[-74.070905856999957,39.670575205000034],[-74.070851661999939,39.67019583900003],[-74.071339418999969,39.669979058000024],[-74.071881370999961,39.669762277000075],[-74.072694298999977,39.669274520000045],[-74.074536935999959,39.668461592000028],[-74.076098682999941,39.666881523000029],[-74.064394049999976,39.667875091000042],[-74.058819300999971,39.669851489000052],[-74.050395144999982,39.677076792000037],[-74.048259320999989,39.68188505300003],[-74.063334899999973,39.688166400000057]]]},"properties":{"OBJECTID":8517,"State":"NJ","LeaseNo":"OCS-A-0505","ProjectID":"Long Beach Island 2014","BorrowArea":"D2","ConstructionStart":1430697600000,"ConstructionComplete":1479859200000,"DredgeVolCalc":7003347,"DredgeVolRep":6985060,"Dredge_GlobalLeaseID":"{ECB26885-8996-41D3-B6D6-261A95E207C2}","Dredge_GlobalReportID":"{1D9F5EA6-70AB-4978-86D9-FA5DF2C45A95}","RuleID":1,"Override":null,"created_date":null,"last_edited_date":null,"SHAPE_Length":0.10003566401847522,"SHAPE_Area":0.00041188547521723369}},{"type":"Feature","id":8518,"geometry":{"type":"Polygon","coordinates":[[[-74.050124774999972,39.682268746000034],[-74.051917301999936,39.680920385000036],[-74.053900185999964,39.67923889900004],[-74.058199078999962,39.67587592700005],[-74.063243535999959,39.671688076000066],[-74.075109114999975,39.670704565000051],[-74.079027293999957,39.668626503000041],[-74.082215771999984,39.666865702000052],[-74.079804584999977,39.66688156500004],[-74.079043156999944,39.667468498000062],[-74.077298218999942,39.668071295000061],[-74.075807089999955,39.669038943000032],[-74.074918757999967,39.669181710000032],[-74.07430009899997,39.668848586000024],[-74.074950484999988,39.668436146000033],[-74.07739339799997,39.667119511000067],[-74.063454326999988,39.668208248000042],[-74.062323477999939,39.66835683000005],[-74.061292377999962,39.668547187000058],[-74.060626128999957,39.668975490000037],[-74.05923017899994,39.669895549000046],[-74.058484613999951,39.670498345000055],[-74.057580418999976,39.671228047000056],[-74.056755538999937,39.671830844000056],[-74.056002042999978,39.672703313000056],[-74.055383383999981,39.673179205000054],[-74.05419365299997,39.674321346000056],[-74.052599413999985,39.675701433000029],[-74.051504861999945,39.676486656000066],[-74.050838612999939,39.677081521000048],[-74.048126026999967,39.67946098200008],[-74.046793528999956,39.68076968500003],[-74.047198037999976,39.681102810000027],[-74.04843535699996,39.680008258000043],[-74.049339552999982,39.680603123000026],[-74.048467681999966,39.681415981000043],[-74.050124774999972,39.682268746000034]]]},"properties":{"OBJECTID":8518,"State":"NJ","LeaseNo":"OCS-A-0505","ProjectID":"Long Beach Island 2014","BorrowArea":"D2-D","ConstructionStart":1523232000000,"ConstructionComplete":1538265600000,"DredgeVolCalc":1751947,"DredgeVolRep":2232323,"Dredge_GlobalLeaseID":"{ECB26885-8996-41D3-B6D6-261A95E207C2}","Dredge_GlobalReportID":"{1D9F5EA6-70AB-4978-86D9-FA5DF2C45A95}","RuleID":1,"Override":null,"created_date":null,"last_edited_date":null,"SHAPE_Length":0.090483203568259826,"SHAPE_Area":0.00011812761021266645}},{"type":"Feature","id":8519,"geometry":{"type":"Polygon","coordinates":[[[-80.089631950999944,27.293781065000076],[-80.089628558999948,27.293923535000033],[-80.089579713999967,27.294013951000068],[-80.08943450299995,27.294122841000046],[-80.089229832999933,27.294312527000045],[-80.089121061999947,27.29454104000007],[-80.089023175999955,27.294745747000036],[-80.089058719999969,27.294975201000057],[-80.088759205999963,27.295651365000026],[-80.08857790199994,27.295597653000073],[-80.088393399999973,27.295935508000071],[-80.088375921999955,27.296112086000051],[-80.088041676999978,27.29645851500004],[-80.08748004399996,27.297156843000039],[-80.087201978999985,27.297169355000051],[-80.086984226999959,27.297650254000075],[-80.08665547399994,27.297977613000057],[-80.08611590999999,27.298590122000064],[-80.085581685999955,27.299202662000027],[-80.085215506999987,27.299529774000064],[-80.085068835999948,27.299815341000055],[-80.084841240999936,27.30019111200005],[-80.08471005499996,27.300543637000033],[-80.084589244999961,27.300934433000066],[-80.084559462999948,27.301306723000039],[-80.084577083999989,27.30176528100003],[-80.084659435999981,27.302152632000059],[-80.084848971999975,27.302507256000069],[-80.085766254999953,27.303425368000035],[-80.085754233999978,27.303587655000058],[-80.085815640999954,27.303922338000064],[-80.086024648999967,27.304511084000069],[-80.086341312999934,27.305009802000029],[-80.086723531999951,27.305337029000043],[-80.087410373999944,27.30567579500007],[-80.087970603999963,27.305808389000049],[-80.088740405999943,27.305808633000026],[-80.089163174999953,27.305754082000078],[-80.089805179999985,27.305037171000038],[-80.09013581499994,27.30448059500003],[-80.090556876999983,27.303322899000079],[-80.090937260999965,27.303220313000054],[-80.090951896999968,27.303392324000072],[-80.091023426999982,27.303798703000041],[-80.091234250999946,27.304167783000025],[-80.091441636999946,27.304302845000052],[-80.091863736999983,27.304329464000034],[-80.092585730999986,27.304291172000035],[-80.093265618999965,27.304171422000024],[-80.09426685699998,27.303977342000053],[-80.095168036999951,27.303596366000079],[-80.09566803499996,27.303905230000055],[-80.09600592299995,27.303768927000078],[-80.095762855999965,27.303418746000034],[-80.096739596999953,27.302947514000039],[-80.097099686999968,27.303370080000036],[-80.097469991999958,27.303191004000041],[-80.097243112999934,27.302821829000038],[-80.097710173999985,27.302576520000059],[-80.09804965699999,27.302903442000058],[-80.098464265999951,27.302533630000028],[-80.098815135999985,27.302774664000026],[-80.099195240999961,27.302705482000079],[-80.09953842799996,27.302573980000034],[-80.099546201999942,27.302273176000028],[-80.09966983999999,27.302188014000023],[-80.100497378999989,27.302317502000051],[-80.10093319899994,27.298894780000069],[-80.099323455999979,27.297829412000056],[-80.098597989999973,27.297394918000066],[-80.097465801999988,27.296775450000041],[-80.096522515999936,27.296235341000056],[-80.096043322999947,27.29599779800003],[-80.095011839999984,27.295548283000073],[-80.093949833999943,27.295267885000044],[-80.093790423999963,27.295149629000036],[-80.091929689999972,27.294486319000043],[-80.09121683799998,27.294299341000055],[-80.090808752999976,27.294283663000044],[-80.090518991999943,27.294060358000024],[-80.090097709999952,27.293875270000058],[-80.089631950999944,27.293781065000076]]]},"properties":{"OBJECTID":8519,"State":"FL","LeaseNo":"OCS-A-0515","ProjectID":"Martin County 2017","BorrowArea":"C1-B","ConstructionStart":1516406400000,"ConstructionComplete":1526601600000,"DredgeVolCalc":632800,"DredgeVolRep":612777,"Dredge_GlobalLeaseID":"{A3D62639-9C97-45C8-B57A-31311209ADCC}","Dredge_GlobalReportID":"{BDB3838B-19DA-4719-80A2-EC75EA9FCDEB}","RuleID":1,"Override":null,"created_date":null,"last_edited_date":null,"SHAPE_Length":0.049105898073461829,"SHAPE_Area":0.00012175482971357428}},{"type":"Feature","id":8520,"geometry":{"type":"Polygon","coordinates":[[[-90.923990505999939,28.914249898000037],[-90.923781112999961,28.91413568400003],[-90.923571720999973,28.914192791000062],[-90.923425780999935,28.914230862000068],[-90.923260804999984,28.914249898000037],[-90.92307679299995,28.914192791000062],[-90.922943542999974,28.91416106500003],[-90.922810292999941,28.914205481000067],[-90.922651662999954,28.914249898000037],[-90.922270948999937,28.914243553000063],[-90.922194805999936,28.914205481000067],[-90.922093281999935,28.914097612000035],[-90.921966377999979,28.914078577000055],[-90.92179505699994,28.914084922000029],[-90.921604699999989,28.914129338000066],[-90.92143337899995,28.914129338000066],[-90.921255711999947,28.914110303000029],[-90.921059009999965,28.914059541000029],[-90.920932105999952,28.914008779000028],[-90.92075443899995,28.914015124000059],[-90.920462558999986,28.914021470000023],[-90.92032296299999,28.913989743000059],[-90.920119915999976,28.913996089000079],[-90.919954939999968,28.914027815000054],[-90.919770928999981,28.914027815000054],[-90.919637678999948,28.914002434000054],[-90.919491737999977,28.913970708000079],[-90.919345797999938,28.913977053000053],[-90.919250619999957,28.914015124000059],[-90.918711274999964,28.914008779000028],[-90.918571679999957,28.91409126700006],[-90.918394013999944,28.914173755000036],[-90.918000609999979,28.914180100000067],[-90.91778487199997,28.914199136000036],[-90.917645276999963,28.914256243000068],[-90.917518371999961,28.91438314800007],[-90.917486645999986,28.914820968000072],[-90.917353395999953,28.914890766000042],[-90.917188419999945,28.914897111000073],[-90.917055169999969,28.914852695000036],[-90.916972681999937,28.91473848000004],[-90.916979027999957,28.910227022000072],[-90.916966336999963,28.908558227000071],[-90.916947300999936,28.908171168000024],[-90.916807705999986,28.908025228000042],[-90.916560241999946,28.907974466000042],[-90.916293742999983,28.907879288000061],[-90.916293742999983,28.907009991000052],[-90.916350849999958,28.906718111000032],[-90.91640795699999,28.906470647000049],[-90.916414301999964,28.906204147000039],[-90.916325468999958,28.906051861000037],[-90.916166837999981,28.905886886000076],[-90.916008207999937,28.905810743000075],[-90.910272119999945,28.905855159000055],[-90.910037346999957,28.905810743000075],[-90.908533526999975,28.905823433000023],[-90.908406622999962,28.905855159000055],[-90.908298753999986,28.905924957000025],[-90.908228955999959,28.906108969000059],[-90.908197229999985,28.906369123000047],[-90.908171848999984,28.907168622000029],[-90.908152813999948,28.908240966000051],[-90.908146467999984,28.910049356000059],[-90.908114741999952,28.910855200000071],[-90.908095706999973,28.912238460000026],[-90.908063979999952,28.91350750600003],[-90.908070325999972,28.914846349000072],[-90.908108396999978,28.915379349000034],[-90.908228955999959,28.915614122000079],[-90.908470074999968,28.915747372000055],[-90.908920585999965,28.915747372000055],[-90.908939621999991,28.919928878000064],[-90.909015764999936,28.920195378000074],[-90.909180740999943,28.920322282000029],[-90.909313990999976,28.92037304400003],[-90.909637596999971,28.920341318000055],[-90.909758156999942,28.92037304400003],[-90.909802572999979,28.920557056000064],[-90.90987871599998,28.920658579000076],[-90.910018310999988,28.92071568700004],[-90.910481512999979,28.920747413000072],[-90.910608416999935,28.920848936000027],[-90.910652833999961,28.920994877000055],[-90.910716285999968,28.921210614000074],[-90.910925678999945,28.921394626000051],[-90.911484058999974,28.921420007000052],[-90.911560201999976,28.921737268000072],[-90.911579236999955,28.922549458000049],[-90.911649034999982,28.922676362000061],[-90.91181401099999,28.922765196000057],[-90.912131271999954,28.922771541000031],[-90.912423152999963,28.922739815000057],[-90.912442188999989,28.92298727900004],[-90.912505640999939,28.923133219000078],[-90.912657925999952,28.923203016000059],[-90.912943461999987,28.923260123000034],[-90.913146508999944,28.923177635000059],[-90.913336865999952,28.923177635000059],[-90.913476460999959,28.923336266000035],[-90.914098293999984,28.923342611000066],[-90.914459971999975,28.923520278000069],[-90.914973934999978,28.923507587000074],[-90.915189672999986,28.92361545600005],[-90.915354648999937,28.923647182000025],[-90.915906683999935,28.923628147000045],[-90.916078004999974,28.923494897000069],[-90.916109730999949,28.923082457000078],[-90.916223944999956,28.922904791000065],[-90.916598313999941,28.922904791000065],[-90.916630039999973,28.922980933000076],[-90.916680801999973,28.923050731000046],[-90.916807705999986,28.923120528000027],[-90.916953646999957,28.923164945000053],[-90.917492990999961,28.923158600000079],[-90.917512026999987,28.923469516000068],[-90.917581823999967,28.923532968000075],[-90.917657966999968,28.923526623000043],[-90.917772180999975,28.923482207000063],[-90.917943501999957,28.923412409000036],[-90.918216346999941,28.923418754000068],[-90.918374977999974,28.923469516000068],[-90.918520917999956,28.923469516000068],[-90.918590715999983,28.923310885000035],[-90.918571679999957,28.923120528000027],[-90.918597060999957,28.922873064000044],[-90.918762036999965,28.922771541000031],[-90.918952393999973,28.922746160000031],[-90.91916178699995,28.922771541000031],[-90.919212547999962,28.922854029000064],[-90.919231583999988,28.922949207000045],[-90.919218893999982,28.923082457000078],[-90.919180821999987,28.923304540000061],[-90.919180821999987,28.923437790000037],[-90.919250619999957,28.92357104000007],[-90.919440976999965,28.923653528000045],[-90.919631332999984,28.923685254000077],[-90.919853416999956,28.923704290000046],[-90.920077643999946,28.923632252000061],[-90.920110201999989,28.924136894000071],[-90.920126479999965,28.924299681000036],[-90.920240431999957,28.924315960000058],[-90.920386940999947,28.924283403000061],[-90.920598564999977,28.924234566000052],[-90.920810188999951,28.924234566000052],[-90.920972976999963,28.924332239000023],[-90.921054369999979,28.924560142000075],[-90.921249715999977,28.924625257000059],[-90.921656684999959,28.924657814000057],[-90.922096211999985,28.924527584000032],[-90.92211249099995,28.924022942000079],[-90.922421787999951,28.924055500000065],[-90.922796198999947,28.924039221000044],[-90.923072938999951,28.923795039000026],[-90.923007822999978,28.921597405000057],[-90.923447349999947,28.921629962000054],[-90.923707810999986,28.921629962000054],[-90.923903155999938,28.921483453000064],[-90.923903155999938,28.920946254000057],[-90.923968270999978,28.920588121000037],[-90.923951991999957,28.919888133000029],[-90.923951991999957,28.919432328000028],[-90.923935713999981,28.918536995000068],[-90.923903155999938,28.917576547000067],[-90.923951991999957,28.916925396000067],[-90.923968270999978,28.916241688000071],[-90.924000828999965,28.915492864000043],[-90.924000828999965,28.914955665000036],[-90.923990505999939,28.914249898000037]]]},"properties":{"OBJECTID":8520,"State":"LA","LeaseNo":"OCS-G-35573","ProjectID":"Whiskey Island TE100 2015","BorrowArea":"Ship Shoal Block 88","ConstructionStart":1481932800000,"ConstructionComplete":1524614400000,"DredgeVolCalc":10425761,"DredgeVolRep":10450000,"Dredge_GlobalLeaseID":"{6DAF97CF-F669-44FA-A90E-99A8C414C88C}","Dredge_GlobalReportID":"{53754259-F0ED-40B0-A4EE-024354920666}","RuleID":1,"Override":null,"created_date":null,"last_edited_date":null,"SHAPE_Length":0.070510529798178359,"SHAPE_Area":0.00020538969769196474}},{"type":"Feature","id":8521,"geometry":{"type":"Polygon","coordinates":[[[-81.282293377999963,30.323278152000057],[-81.279628381999942,30.307161270000051],[-81.26823869499998,30.307192996000026],[-81.268270420999954,30.307859245000031],[-81.268587682999964,30.308620672000075],[-81.268524229999969,30.309223469000074],[-81.268460777999962,30.309921444000054],[-81.268111790999967,30.310555967000028],[-81.268048337999971,30.311127038000052],[-81.268080063999946,30.311666383000045],[-81.279025584999943,30.32451547200003],[-81.28013599999997,30.32473755500007],[-81.28115123699996,30.324229937000041],[-81.282293377999963,30.323278152000057]]]},"properties":{"OBJECTID":8521,"State":"FL","LeaseNo":"OCS-A-0511","ProjectID":"Duval County 2016","BorrowArea":"DSS","ConstructionStart":1541030400000,"ConstructionComplete":1548806400000,"DredgeVolCalc":1147220,"DredgeVolRep":1083483,"Dredge_GlobalLeaseID":"{0CC49A0F-3742-47A3-B651-0C81D00DBD0A}","Dredge_GlobalReportID":"{E7721A3B-D97B-419A-93F6-436AE125367C}","RuleID":1,"Override":null,"created_date":null,"last_edited_date":null,"SHAPE_Length":0.052996645996980202,"SHAPE_Area":0.00015282172928862518}},{"type":"Feature","id":8522,"geometry":{"type":"Polygon","coordinates":[[[-78.950893866999934,33.544474100000059],[-78.934185897999953,33.538010661000044],[-78.932925384999976,33.538088986000048],[-78.93223838199998,33.539012169000046],[-78.932723597999939,33.539577136000048],[-78.937059330999944,33.54100201600005],[-78.93655942099997,33.542047672000024],[-78.935362955999949,33.54242540000007],[-78.933236354999963,33.542966526000043],[-78.933156587999974,33.543323157000032],[-78.933289055999978,33.543743004000078],[-78.934228691999976,33.544176365000055],[-78.935379626999975,33.54471268900005],[-78.935714863999976,33.545593328000052],[-78.935092452999982,33.548784729000033],[-78.941477766999981,33.551934115000051],[-78.942427355999939,33.550955599000076],[-78.945217451999952,33.550485023000078],[-78.950893866999934,33.544474100000059]]]},"properties":{"OBJECTID":8522,"State":"SC","LeaseNo":"OCS-A-0514","ProjectID":"Myrtle Beach 2016","BorrowArea":"Surfside","ConstructionStart":1534377600000,"ConstructionComplete":1538352000000,"DredgeVolCalc":646758,"DredgeVolRep":null,"Dredge_GlobalLeaseID":"{0E5B2F14-1A08-4C89-ADA0-D998C84ADDAB}","Dredge_GlobalReportID":"{08FC8395-65F3-4FE7-A77D-F441851BE4B7}","RuleID":1,"Override":null,"created_date":null,"last_edited_date":null,"SHAPE_Length":0.057129319110019408,"SHAPE_Area":0.00013012814705177961}},{"type":"Feature","id":8523,"geometry":{"type":"Polygon","coordinates":[[[-78.936132037999982,33.542988760000071],[-78.936027458999945,33.543130072000054],[-78.936208095999973,33.543272702000024],[-78.936517079999987,33.543581736000078],[-78.936935395999967,33.543807567000044],[-78.937244379999981,33.543946235000078],[-78.937562869999965,33.544382048000045],[-78.937638927999956,33.544754467000075],[-78.937643681999987,33.545055572000024],[-78.937586637999971,33.545214047000059],[-78.937524841999959,33.545463645000041],[-78.937334697999972,33.545788518000052],[-78.937215857999945,33.546018305000075],[-78.936883105999982,33.546141123000041],[-78.936673947999964,33.546176779000064],[-78.93641249999996,33.546319406000066],[-78.936132037999982,33.546644275000062],[-78.935941894999985,33.546885946000032],[-78.935922879999964,33.547202890000051],[-78.935960908999959,33.547610954000049],[-78.935970415999975,33.547939780000036],[-78.93603696699995,33.548205217000032],[-78.936132037999982,33.548363687000062],[-78.936074994999956,33.548656855000047],[-78.935927633999938,33.54891832900006],[-78.935861083999953,33.54930657500006],[-78.935832561999973,33.549607664000064],[-78.93564717199996,33.549801786000046],[-78.935594882999965,33.550233608000042],[-78.935675692999951,33.55033264900004],[-78.936046473999966,33.550487153000063],[-78.936402993999934,33.550641657000028],[-78.936854584999935,33.55089520100006],[-78.937244379999981,33.551231939000047],[-78.937634173999982,33.551620175000039],[-78.938252140999964,33.552139142000044],[-78.940053753999962,33.553184989000044],[-78.941784061999954,33.553596986000059],[-78.94147983199997,33.552341181000031],[-78.941489338999986,33.551984640000057],[-78.942007480999962,33.551247785000044],[-78.942663477999986,33.550800122000055],[-78.944802594999942,33.55077635300006],[-78.950893866999934,33.544474100000059],[-78.949945983999953,33.544259228000044],[-78.949014279999972,33.543926426000041],[-78.948158632999935,33.543675502000042],[-78.947493129999941,33.543556643000045],[-78.946700863999979,33.543411372000037],[-78.945718453999973,33.543411372000037],[-78.944561745999977,33.543345338000051],[-78.943927933999987,33.543345338000051],[-78.943119822999961,33.543001967000066],[-78.942327556999942,33.542803868000078],[-78.941234229999964,33.542368048000071],[-78.940045830999964,33.542262393000044],[-78.939206028999934,33.542143533000058],[-78.938239464999981,33.542275600000039],[-78.937130292999939,33.542513321000058],[-78.936132037999982,33.542988760000071]]]},"properties":{"OBJECTID":8523,"State":"SC","LeaseNo":"OCS-A-0514","ProjectID":"Myrtle Beach 2016","BorrowArea":"Surfside","ConstructionStart":1501804800000,"ConstructionComplete":1506729600000,"DredgeVolCalc":1005834,"DredgeVolRep":null,"Dredge_GlobalLeaseID":"{0E5B2F14-1A08-4C89-ADA0-D998C84ADDAB}","Dredge_GlobalReportID":null,"RuleID":1,"Override":null,"created_date":null,"last_edited_date":null,"SHAPE_Length":0.045709164663854218,"SHAPE_Area":0.00010065507771595172}},{"type":"Feature","id":8524,"geometry":{"type":"MultiPolygon","coordinates":[[[[-75.815556110999978,36.714915419000079],[-75.814829085999975,36.717585128000053],[-75.874949811999954,36.739425660000052],[-75.867904253999939,36.721756369000047],[-75.861806884999964,36.722202518000074],[-75.861934424999959,36.731510637000042],[-75.856899245999955,36.728448603000061],[-75.857791543999952,36.710007780000069],[-75.843068628999958,36.70628987200007],[-75.815556110999978,36.714915419000079]]],[[[-75.861836009999934,36.782798457000069],[-75.887499954999953,36.76999526700007],[-75.885615851999944,36.76468630100004],[-75.884004837999953,36.763120862000051],[-75.872854144999963,36.760838739000064],[-75.864110611999934,36.75895009900006],[-75.856750529999943,36.768453291000071],[-75.861836009999934,36.782798457000069]]]]},"properties":{"OBJECTID":8524,"State":"VA","LeaseNo":"OCS-A-0485","ProjectID":"Sandbridge 2013","BorrowArea":"Area A and B","ConstructionStart":1363219200000,"ConstructionComplete":1372118400000,"DredgeVolCalc":null,"DredgeVolRep":2134850,"Dredge_GlobalLeaseID":"{4A563603-6F89-47FA-A55C-B305E8F97D86}","Dredge_GlobalReportID":"{DEA00BEA-4513-46A8-88A9-4A90EB6C76BC}","RuleID":1,"Override":null,"created_date":null,"last_edited_date":null,"SHAPE_Length":0.25367725681136571,"SHAPE_Area":0.0012421088879668886}},{"type":"Feature","id":8525,"geometry":{"type":"Polygon","coordinates":[[[-78.613992096999937,33.782780423000077],[-78.613469915999985,33.780691699000045],[-78.610859009999956,33.777871920000052],[-78.607412614999987,33.777767484000037],[-78.603026292999971,33.780482826000025],[-78.600624259999961,33.780378390000067],[-78.59195605299999,33.78392922200004],[-78.590911690999974,33.784764712000026],[-78.591120562999947,33.786749000000043],[-78.584958825999934,33.788002235000079],[-78.582556791999934,33.786749000000043],[-78.57033775299999,33.791448630000048],[-78.568875645999981,33.791135322000059],[-78.562191727999959,33.793850664000047],[-78.560625183999946,33.793850664000047],[-78.554881190999936,33.796252697000057],[-78.55185254099996,33.796566005000045],[-78.546212983999965,33.799385784000037],[-78.545168621999949,33.798968039000044],[-78.537544776999937,33.801996689000077],[-78.540782300999979,33.803563233000034],[-78.561251800999969,33.796774878000065],[-78.563758270999983,33.798654730000067],[-78.569397826999989,33.796357133000072],[-78.571904296999946,33.795939388000079],[-78.590598381999939,33.789046597000038],[-78.59153830799994,33.789777651000065],[-78.595298011999944,33.787897798000074],[-78.598013353999988,33.788106671000037],[-78.613992096999937,33.782780423000077]]]},"properties":{"OBJECTID":8525,"State":"SC","LeaseNo":"OCS-A-0470","ProjectID":"North Myrtle Beach 2007","BorrowArea":"Little River","ConstructionStart":1218672000000,"ConstructionComplete":1223942400000,"DredgeVolCalc":null,"DredgeVolRep":1069390,"Dredge_GlobalLeaseID":"{9DBA1610-2362-4B3F-BB8E-03E719D1A837}","Dredge_GlobalReportID":"{D8D003DF-0900-4ED8-B7E8-747374418379}","RuleID":1,"Override":null,"created_date":null,"last_edited_date":null,"SHAPE_Length":0.16878747045317216,"SHAPE_Area":0.00033404641687349683}},{"type":"Feature","id":8526,"geometry":{"type":"Polygon","coordinates":[[[-75.881420331999948,36.766839613000059],[-75.87641954999998,36.765617235000036],[-75.867482792999965,36.763732222000044],[-75.860043416999986,36.762094699000045],[-75.849276525999983,36.759847807000028],[-75.849918260999971,36.762418398000079],[-75.850322315999961,36.764303443000074],[-75.85065506799998,36.765160267000056],[-75.850964051999938,36.765959960000032],[-75.851415642999939,36.766588285000068],[-75.852746649999972,36.76717852400003],[-75.862396446999981,36.769139610000025],[-75.870691468999951,36.770891218000031],[-75.874945935999961,36.771919316000037],[-75.883003278999979,36.773537592000025],[-75.881420331999948,36.766839613000059]]]},"properties":{"OBJECTID":8526,"State":"VA","LeaseNo":"OCS-A-0518","ProjectID":"Sandbridge 2019","BorrowArea":"Borrow Area B","ConstructionStart":1586304000000,"ConstructionComplete":1593388800000,"DredgeVolCalc":1841342,"DredgeVolRep":1841237,"Dredge_GlobalLeaseID":"{0BA9A53C-0700-47BE-945C-C14359520F28}","Dredge_GlobalReportID":"{3EBA4D61-D7A5-4F80-8331-00368F76A3DC}","RuleID":1,"Override":null,"created_date":null,"last_edited_date":null,"SHAPE_Length":0.079283977195113958,"SHAPE_Area":0.00020908151262130468}},{"type":"Feature","id":8527,"geometry":{"type":"Polygon","coordinates":[[[-80.450172743999985,28.396729773000061],[-80.449557996999943,28.396305903000041],[-80.448890007999978,28.395997608000073],[-80.448157374999937,28.395660397000029],[-80.447144505999972,28.395216998000024],[-80.44626108999995,28.394802767000044],[-80.445775963999949,28.394638447000034],[-80.445086345999982,28.394256036000058],[-80.443684535999978,28.393830372000025],[-80.44276769399994,28.393718941000031],[-80.441885755999976,28.393801280000048],[-80.441277515999957,28.393948003000048],[-80.440295540999955,28.394570682000051],[-80.439416491999964,28.395385012000077],[-80.438780274999942,28.396227554000063],[-80.438371820999976,28.396884810000074],[-80.438059499999952,28.397743008000077],[-80.437714244999938,28.398701342000038],[-80.437563607999948,28.399617505000037],[-80.437674283999968,28.400133653000069],[-80.438530986999979,28.400495305000049],[-80.438965364999945,28.401070085000072],[-80.439235636999967,28.402045281000028],[-80.439231035999967,28.402919072000032],[-80.438999100999979,28.40389220000003],[-80.439465670999937,28.404510085000027],[-80.439704683999935,28.405270280000025],[-80.439082948999953,28.406428026000071],[-80.438852212999961,28.407171962000064],[-80.439890270999967,28.407461297000054],[-80.440771426999959,28.40677852400006],[-80.441643574999944,28.406266649000031],[-80.443132621999951,28.40654491500004],[-80.443335936999972,28.406908401000067],[-80.443197651999981,28.407534544000043],[-80.443158905999951,28.408489369000051],[-80.44322266599994,28.409205867000026],[-80.443082347999962,28.410219962000042],[-80.44312720399995,28.410571048000065],[-80.443612541999983,28.410815651000064],[-80.444212145999984,28.410789449000049],[-80.445171614999936,28.410105774000044],[-80.446701762999965,28.408722498000031],[-80.447096838999983,28.407520823000027],[-80.448737586999982,28.406667988000038],[-80.44956760599996,28.405940782000073],[-80.450211059999958,28.404999140000029],[-80.450904385999934,28.404070827000055],[-80.451395010999988,28.403177506000077],[-80.450967403999982,28.401798218000067],[-80.450672586999985,28.400326353000025],[-80.451092477999964,28.399271593000037],[-80.452197521999949,28.398602777000065],[-80.452783430999943,28.39807511500004],[-80.452964273999953,28.397560149000071],[-80.452578504999963,28.396971283000028],[-80.451556437999955,28.396735350000029],[-80.450172743999985,28.396729773000061]]]},"properties":{"OBJECTID":8527,"State":"FL","LeaseNo":"OCS-A-0526","ProjectID":"Brevard County 2019","BorrowArea":"Canveral Shoals Borrow Area II (CS-II)","ConstructionStart":1574208000000,"ConstructionComplete":1587513600000,"DredgeVolCalc":811943,"DredgeVolRep":609000,"Dredge_GlobalLeaseID":"{F898F958-CF44-4A4D-A02E-3F488266095B}","Dredge_GlobalReportID":"{7CE2B6A9-E35A-4F7E-814D-F4ED438DEF8A}","RuleID":1,"Override":null,"created_date":null,"last_edited_date":null,"SHAPE_Length":0.055942937688967166,"SHAPE_Area":0.00015854761764275648}},{"type":"Feature","id":8528,"geometry":{"type":"MultiPolygon","coordinates":[[[[-80.439459129999989,28.414326145000075],[-80.441818119999937,28.413767437000047],[-80.443308008999963,28.413022493000028],[-80.445666999999958,28.410849738000024],[-80.44759143899995,28.407994118000033],[-80.449081327999977,28.405138498000042],[-80.450074586999961,28.403586530000041],[-80.451440318999971,28.401724169000033],[-80.451316160999966,28.400234281000053],[-80.449640035999948,28.397689054000068],[-80.447529360999965,28.396199165000041],[-80.446039471999939,28.395516300000054],[-80.444177110999988,28.394771355000046],[-80.442873457999951,28.394585119000055],[-80.441507726999987,28.395392142000048],[-80.44001783799996,28.396385401000032],[-80.438962499999946,28.397751133000043],[-80.438341712999943,28.398682313000052],[-80.438031319999936,28.399241022000069],[-80.439024578999977,28.400482596000074],[-80.439955758999986,28.401289619000067],[-80.439459129999989,28.402220799000077],[-80.439583286999948,28.404083160000027],[-80.439521207999974,28.405635127000039],[-80.438155476999952,28.406876701000044],[-80.436355194999976,28.407994118000033],[-80.434492833999968,28.407745803000068],[-80.43356165299997,28.407435410000062],[-80.432506315999944,28.409670243000051],[-80.432692551999935,28.411284289000037],[-80.433375416999979,28.412339627000051],[-80.434554912999943,28.412774178000063],[-80.435982722999938,28.41327080700006],[-80.437162217999969,28.413394965000066],[-80.43772092599994,28.41308457100007],[-80.439459129999989,28.414326145000075]]],[[[-80.446163628999955,28.411470525000027],[-80.445791156999974,28.412774178000063],[-80.445170369999971,28.413519122000025],[-80.443494244999954,28.415195247000042],[-80.443928795999966,28.415816034000045],[-80.447156887999938,28.412650020000058],[-80.448398461999943,28.411035974000072],[-80.449764193999954,28.411656761000074],[-80.452992285999983,28.408428669000045],[-80.454544253999984,28.406069678000051],[-80.456282456999986,28.403772767000078],[-80.45727571599997,28.402034563000029],[-80.454606331999969,28.400792989000024],[-80.45249565599994,28.403772767000078],[-80.449081327999977,28.407994118000033],[-80.447343123999985,28.409856479000041],[-80.446163628999955,28.411470525000027]]]]},"properties":{"OBJECTID":8528,"State":"FL","LeaseNo":"OCS-A-0526","ProjectID":"Brevard County 2019","BorrowArea":"Canveral Shoals Borrow Area II (CS-II)","ConstructionStart":1606780800000,"ConstructionComplete":1618358400000,"DredgeVolCalc":1634826,"DredgeVolRep":1580800,"Dredge_GlobalLeaseID":"{F898F958-CF44-4A4D-A02E-3F488266095B}","Dredge_GlobalReportID":"{3DCCB284-EA1B-47B3-A41A-C1DBA42C3146}","RuleID":1,"Override":null,"created_date":null,"last_edited_date":null,"SHAPE_Length":0.1056227266291757,"SHAPE_Area":0.00024691071312032124}},{"type":"Feature","id":8529,"geometry":{"type":"Polygon","coordinates":[[[-76.70558153199994,34.64370406900008],[-76.705429038999966,34.640643857000043],[-76.704355256999975,34.637304780000079],[-76.686629943999947,34.636902316000032],[-76.684993795999958,34.636895510000045],[-76.693717575999983,34.641649514000051],[-76.69573384499995,34.64173162000003],[-76.696151703999988,34.642646453000054],[-76.70558153199994,34.64370406900008]]]},"properties":{"OBJECTID":8529,"State":"NC","LeaseNo":"OCS-A-0523","ProjectID":"Carteret County 2019 - Bogue Banks","BorrowArea":"Morehead City ODMDS","ConstructionStart":1614297600000,"ConstructionComplete":1619395200000,"DredgeVolCalc":637460,"DredgeVolRep":623979,"Dredge_GlobalLeaseID":"{D1EEA8A1-A7C6-42AB-B26A-744BC600BABE}","Dredge_GlobalReportID":"{3CEA9548-72CF-4186-935F-9EC8FDFEE01B}","RuleID":1,"Override":null,"created_date":null,"last_edited_date":null,"SHAPE_Length":0.048385208339112015,"SHAPE_Area":8.5103266032844789e-05}},{"type":"Feature","id":8530,"geometry":{"type":"Polygon","coordinates":[[[-76.690419755999983,34.639726551000024],[-76.690763952999987,34.639927002000036],[-76.690846803999989,34.639972703000069],[-76.690972000999977,34.640042220000055],[-76.691033241999946,34.64007622400004],[-76.691219052999941,34.640180521000048],[-76.691404577999947,34.640285181000024],[-76.691589441999952,34.640390616000047],[-76.691774019999968,34.640496408000047],[-76.691957936999984,34.640602974000046],[-76.692141555999967,34.640709896000033],[-76.692324525999936,34.640817584000047],[-76.692507176999982,34.640925628000048],[-76.692689176999977,34.641034429000058],[-76.692870858999981,34.641143586000055],[-76.693051868999987,34.641253500000062],[-76.693176306999987,34.641328251000061],[-76.693300563999969,34.641403193000031],[-76.693424457999981,34.641478527000061],[-76.693621362999977,34.641596912000068],[-76.693719536999936,34.641656410000053],[-76.69389670399994,34.641763347000051],[-76.694073496999977,34.641870703000052],[-76.69442546199997,34.642087205000053],[-76.69460064499998,34.642196341000044],[-76.69494976499999,34.642415983000035],[-76.695296930999973,34.642637706000073],[-76.695563752999988,34.642791001000035],[-76.695696699999985,34.642868200000066],[-76.695923992999951,34.642879339000046],[-76.696151209999982,34.642891055000064],[-76.696378348999986,34.642903728000078],[-76.696605452999961,34.64291686100006],[-76.696832467999968,34.642930941000031],[-76.697286316999964,34.642960970000047],[-76.697635486999957,34.642986025000027],[-76.697966573999963,34.643011160000071],[-76.698193151999988,34.643029464000051],[-76.698419672999989,34.643048219000036],[-76.698646071999974,34.643067931000076],[-76.698872414999983,34.643088094000063],[-76.699098634999984,34.64310920500003],[-76.699550809999948,34.643153287000075],[-76.699776762999988,34.64317625700005],[-76.70000252799997,34.64320017700004],[-76.700214045999985,34.643221428000061],[-76.700522444999933,34.643253517000062],[-76.700862493999978,34.64327858300004],[-76.701313707999986,34.643306568000071],[-76.701539207999986,34.643321717000049],[-76.701883545999976,34.643346057000031],[-76.702215324999941,34.643370877000052],[-76.702440521999961,34.64338880400004],[-76.702665673999945,34.643407191000051],[-76.70289070299998,34.64342651700008],[-76.703115675999982,34.643446295000047],[-76.703565319999939,34.64348816200004],[-76.703789981999989,34.643510259000038],[-76.704014575999963,34.643532809000078],[-76.704239024999936,34.643556279000052],[-76.704463407999981,34.643580219000057],[-76.704687644999979,34.643605080000043],[-76.705807178999976,34.64373904200005],[-76.705696117999935,34.640481169000054],[-76.705486724999957,34.63979588400008],[-76.70501083399995,34.638948796000079],[-76.704135191999967,34.638073155000029],[-76.703259549999984,34.637682923000057],[-76.700870570999939,34.637749548000045],[-76.699652286999935,34.637616298000069],[-76.698129431999973,34.637682923000057],[-76.694065312999953,34.637720994000063],[-76.692942206999987,34.637235584000052],[-76.691056689999982,34.636971930000072],[-76.688004057999933,34.636837827000079],[-76.686631901999988,34.636909211000045],[-76.686133937999955,34.637465726000073],[-76.686247775999959,34.637527342000055],[-76.686366689999943,34.637589039000034],[-76.686549439999965,34.637682258000041],[-76.68663788799995,34.637727659000063],[-76.686771348999969,34.637796391000052],[-76.68688842399996,34.637857154000073],[-76.687001653999971,34.637916138000037],[-76.687095343999943,34.637964994000072],[-76.687215261999938,34.638028220000024],[-76.687311596999962,34.638079097000059],[-76.687426267999967,34.638139835000061],[-76.687584008999977,34.638224125000079],[-76.687840841999957,34.638357831000064],[-76.68798817399994,34.638434506000067],[-76.688117518999945,34.638501875000031],[-76.688239456999952,34.638564826000049],[-76.688329290999945,34.638611336000054],[-76.688504793999982,34.638702710000075],[-76.68874286199997,34.638826355000049],[-76.688909739999986,34.638913792000039],[-76.689163019999967,34.639047705000053],[-76.68938191899997,34.639164458000039],[-76.689604515999974,34.639284661000033],[-76.689801849999981,34.639391983000053],[-76.690259856999944,34.639647113000024],[-76.690419755999983,34.639726551000024]]]},"properties":{"OBJECTID":8530,"State":"NC","LeaseNo":"OCS-A-0523","ProjectID":"Carteret County 2019 - Bogue Banks","BorrowArea":"Morehead City ODMDS","ConstructionStart":1551139200000,"ConstructionComplete":1556064000000,"DredgeVolCalc":222589,"DredgeVolRep":202906,"Dredge_GlobalLeaseID":"{D1EEA8A1-A7C6-42AB-B26A-744BC600BABE}","Dredge_GlobalReportID":"{3CEA9548-72CF-4186-935F-9EC8FDFEE01B}","RuleID":1,"Override":null,"created_date":null,"last_edited_date":null,"SHAPE_Length":0.045790726466816353,"SHAPE_Area":8.14645900949389e-05}},{"type":"Feature","id":8531,"geometry":{"type":"Polygon","coordinates":[[[-76.690419755999983,34.639726551000024],[-76.690763952999987,34.639927002000036],[-76.690846803999989,34.639972703000069],[-76.690972000999977,34.640042220000055],[-76.691033241999946,34.64007622400004],[-76.691219052999941,34.640180521000048],[-76.691404577999947,34.640285181000024],[-76.691589441999952,34.640390616000047],[-76.691774019999968,34.640496408000047],[-76.691957936999984,34.640602974000046],[-76.692141555999967,34.640709896000033],[-76.692324525999936,34.640817584000047],[-76.692507176999982,34.640925628000048],[-76.692689176999977,34.641034429000058],[-76.692870858999981,34.641143586000055],[-76.693051868999987,34.641253500000062],[-76.693176306999987,34.641328251000061],[-76.693300563999969,34.641403193000031],[-76.693424457999981,34.641478527000061],[-76.693621362999977,34.641596912000068],[-76.693719536999936,34.641656410000053],[-76.69389670399994,34.641763347000051],[-76.694073496999977,34.641870703000052],[-76.69442546199997,34.642087205000053],[-76.69460064499998,34.642196341000044],[-76.69494976499999,34.642415983000035],[-76.695296930999973,34.642637706000073],[-76.695563752999988,34.642791001000035],[-76.695696699999985,34.642868200000066],[-76.695923992999951,34.642879339000046],[-76.696151209999982,34.642891055000064],[-76.696378348999986,34.642903728000078],[-76.696605452999961,34.64291686100006],[-76.696832467999968,34.642930941000031],[-76.697286316999964,34.642960970000047],[-76.697635486999957,34.642986025000027],[-76.697966573999963,34.643011160000071],[-76.698193151999988,34.643029464000051],[-76.698419672999989,34.643048219000036],[-76.698646071999974,34.643067931000076],[-76.698872414999983,34.643088094000063],[-76.699098634999984,34.64310920500003],[-76.699550809999948,34.643153287000075],[-76.699776762999988,34.64317625700005],[-76.70000252799997,34.64320017700004],[-76.700214045999985,34.643221428000061],[-76.700522444999933,34.643253517000062],[-76.700862493999978,34.64327858300004],[-76.701313707999986,34.643306568000071],[-76.701539207999986,34.643321717000049],[-76.701883545999976,34.643346057000031],[-76.702215324999941,34.643370877000052],[-76.702440521999961,34.64338880400004],[-76.702665673999945,34.643407191000051],[-76.70289070299998,34.64342651700008],[-76.703115675999982,34.643446295000047],[-76.703565319999939,34.64348816200004],[-76.703789981999989,34.643510259000038],[-76.704014575999963,34.643532809000078],[-76.704239024999936,34.643556279000052],[-76.704463407999981,34.643580219000057],[-76.704687644999979,34.643605080000043],[-76.705583496999964,34.643710965000025],[-76.705696117999935,34.640481169000054],[-76.705486724999957,34.63979588400008],[-76.70501083399995,34.638948796000079],[-76.704332981999983,34.637761280000063],[-76.703619143999958,34.637554267000041],[-76.701134985999943,34.637625651000064],[-76.699685894999959,34.637468607000073],[-76.698110396999937,34.637359316000072],[-76.694046277999973,34.637397387000078],[-76.692942206999987,34.637235584000052],[-76.691056689999982,34.636971930000072],[-76.688004057999933,34.636837827000079],[-76.686631901999988,34.636909211000045],[-76.686133937999955,34.637465726000073],[-76.686247775999959,34.637527342000055],[-76.686366689999943,34.637589039000034],[-76.686549439999965,34.637682258000041],[-76.68663788799995,34.637727659000063],[-76.686771348999969,34.637796391000052],[-76.68688842399996,34.637857154000073],[-76.687001653999971,34.637916138000037],[-76.687095343999943,34.637964994000072],[-76.687215261999938,34.638028220000024],[-76.687311596999962,34.638079097000059],[-76.687426267999967,34.638139835000061],[-76.687584008999977,34.638224125000079],[-76.687840841999957,34.638357831000064],[-76.68798817399994,34.638434506000067],[-76.688117518999945,34.638501875000031],[-76.688239456999952,34.638564826000049],[-76.688329290999945,34.638611336000054],[-76.688504793999982,34.638702710000075],[-76.68874286199997,34.638826355000049],[-76.688909739999986,34.638913792000039],[-76.689163019999967,34.639047705000053],[-76.68938191899997,34.639164458000039],[-76.689604515999974,34.639284661000033],[-76.689801849999981,34.639391983000053],[-76.690259856999944,34.639647113000024],[-76.690419755999983,34.639726551000024]]]},"properties":{"OBJECTID":8531,"State":"NC","LeaseNo":"OCS-A-0523","ProjectID":"Carteret County 2019 - Bogue Banks","BorrowArea":"Morehead City ODMDS","ConstructionStart":1580947200000,"ConstructionComplete":1588118400000,"DredgeVolCalc":527288,"DredgeVolRep":521127,"Dredge_GlobalLeaseID":"{D1EEA8A1-A7C6-42AB-B26A-744BC600BABE}","Dredge_GlobalReportID":"{3CEA9548-72CF-4186-935F-9EC8FDFEE01B}","RuleID":1,"Override":null,"created_date":null,"last_edited_date":null,"SHAPE_Length":0.045725516598781026,"SHAPE_Area":8.3929579689632385e-05}},{"type":"Feature","id":8532,"geometry":{"type":"Polygon","coordinates":[[[-88.367134266999983,30.14757710300006],[-88.365976262999936,30.145705261000046],[-88.364247187999979,30.14315130600005],[-88.363438170999984,30.142009164000058],[-88.362882962999947,30.141327052000065],[-88.362470522999956,30.140914613000064],[-88.361899452999978,30.140486310000028],[-88.36139183399996,30.140058006000061],[-88.360535228999936,30.13974074500004],[-88.359710348999954,30.139391757000055],[-88.358568207999951,30.139058633000047],[-88.357949547999965,30.138757234000025],[-88.357140529999981,30.138249616000053],[-88.356632911999952,30.137932355000032],[-88.35626806099998,30.13802753300007],[-88.355649401999983,30.138122711000051],[-88.355078330999959,30.138011670000026],[-88.35418999999996,30.137884765000024],[-88.353206488999945,30.137773724000056],[-88.351969168999972,30.137773724000056],[-88.349494529999959,30.136758487000066],[-88.34727369899997,30.135743250000075],[-88.34524322599998,30.134997686000077],[-88.344941827999946,30.135537030000023],[-88.344735607999951,30.135965333000058],[-88.344561112999941,30.136488815000064],[-88.346591586999978,30.137519915000041],[-88.349034499999959,30.13872550800005],[-88.351889852999989,30.140137322000044],[-88.354761068999949,30.141517409000073],[-88.358377849999954,30.143420978000051],[-88.361677368999949,30.146355646000075],[-88.364627900999949,30.149480672000038],[-88.367134266999983,30.14757710300006]]]},"properties":{"OBJECTID":8532,"State":"MS","LeaseNo":"OCS-G-35929","ProjectID":"MsCIP 2017","BorrowArea":"OCS East 2","ConstructionStart":1512691200000,"ConstructionComplete":1547683200000,"DredgeVolCalc":658101,"DredgeVolRep":689421,"Dredge_GlobalLeaseID":"{F506E920-D747-4221-9880-92E80F6941ED}","Dredge_GlobalReportID":null,"RuleID":1,"Override":null,"created_date":null,"last_edited_date":null,"SHAPE_Length":0.055720893589320357,"SHAPE_Area":8.1901843316008009e-05}},{"type":"Feature","id":8533,"geometry":{"type":"Polygon","coordinates":[[[-88.432594824999967,30.142989502000034],[-88.416490632999967,30.138040224000065],[-88.415805348999982,30.140096078000056],[-88.419840913999963,30.142075789000046],[-88.41930791499999,30.143687478000061],[-88.431021208999937,30.147228116000065],[-88.432594824999967,30.142989502000034]]]},"properties":{"OBJECTID":8533,"State":"MS","LeaseNo":"OCS-G-35929","ProjectID":"MsCIP 2017","BorrowArea":"OCS West 4","ConstructionStart":1512691200000,"ConstructionComplete":1543363200000,"DredgeVolCalc":2617050,"DredgeVolRep":2899453,"Dredge_GlobalLeaseID":"{F506E920-D747-4221-9880-92E80F6941ED}","Dredge_GlobalReportID":null,"RuleID":1,"Override":null,"created_date":null,"last_edited_date":null,"SHAPE_Length":0.041965178562140493,"SHAPE_Area":6.716166049219947e-05}},{"type":"Feature","id":8534,"geometry":{"type":"Polygon","coordinates":[[[-88.41608686699999,30.15108284400003],[-88.416290087999982,30.151050722000036],[-88.416581101999952,30.151005981000026],[-88.416833496999971,30.150968230000046],[-88.417139977999966,30.150923730000045],[-88.417283760999965,30.150903358000051],[-88.417488385999945,30.150874910000027],[-88.417753571999981,30.150839059000077],[-88.417991885999982,30.150807758000042],[-88.418270345999986,30.150772305000032],[-88.418488030999981,30.150745433000054],[-88.418805215999953,30.150707588000046],[-88.418981862999942,30.150687180000034],[-88.419210187999965,30.150661526000079],[-88.41946476399994,30.150633861000074],[-88.419634052999982,30.150595981000038],[-88.419885106999971,30.15053980600004],[-88.42019066499995,30.150471434000053],[-88.420669314999941,30.150365306000026],[-88.421063464999975,30.150280725000073],[-88.421422752999945,30.150205794000044],[-88.421730581999952,30.150143277000041],[-88.422121207999965,30.150066166000045],[-88.422357486999942,30.150020725000047],[-88.42261242699999,30.149972714000057],[-88.423015916999987,30.149898806000067],[-88.423133824999979,30.149877753000055],[-88.423369770999955,30.149836221000044],[-88.423476751999942,30.149817658000075],[-88.42303353899996,30.14940451800004],[-88.422815818999936,30.149190367000074],[-88.422394653999959,30.148779909000041],[-88.422151948999954,30.148537205000025],[-88.421534478999945,30.147919734000027],[-88.421452387999977,30.147887612000034],[-88.42133103499998,30.147780536000027],[-88.42132746599998,30.147751982000045],[-88.421270357999958,30.14770201400006],[-88.420843244999958,30.147252295000044],[-88.420771861999981,30.147228501000029],[-88.420317383999986,30.146766885000034],[-88.41991763499999,30.146364757000072],[-88.419632099999944,30.146067324000057],[-88.419189995999943,30.145623317000059],[-88.419104334999986,30.145618557000034],[-88.419022481999946,30.145639497000047],[-88.418907315999945,30.145683279000025],[-88.418676983999944,30.14583366100004],[-88.418450459999974,30.145971670000051],[-88.418357184999991,30.145997368000053],[-88.418202994999945,30.146045909000065],[-88.417925074999971,30.146241977000045],[-88.417853690999948,30.146276241000066],[-88.417803245999949,30.146290517000068],[-88.417615744999978,30.146136328000068],[-88.417543408999961,30.146140135000053],[-88.417455844999949,30.146154413000033],[-88.417345437999984,30.146199146000072],[-88.417252162999944,30.146240073000058],[-88.417112250999935,30.14634952800003],[-88.417008505999945,30.146458032000055],[-88.416979952999952,30.146513235000043],[-88.416952350999964,30.146561776000055],[-88.416956157999948,30.146618883000031],[-88.41707513099999,30.146778783000059],[-88.416837184999963,30.146873962000029],[-88.416809582999974,30.146900612000024],[-88.41674390999998,30.146909178000044],[-88.416494065999984,30.147161400000073],[-88.416427441999986,30.147166159000051],[-88.416365575999976,30.147187574000043],[-88.416220428999964,30.147237543000074],[-88.416080040999987,30.147311306000063],[-88.415866840999968,30.147503566000069],[-88.41582305899999,30.147485483000025],[-88.415789745999973,30.147475965000069],[-88.415557748999959,30.147558056000037],[-88.415493502999936,30.147600887000067],[-88.415280778999943,30.147800048000079],[-88.41526364799995,30.147899985000038],[-88.415055206999966,30.148048463000066],[-88.415036646999965,30.148089866000078],[-88.414972400999943,30.148325433000025],[-88.41494813099996,30.14840681000004],[-88.414983822999943,30.148473911000053],[-88.415015231999973,30.148535301000038],[-88.414859614999955,30.148570993000078],[-88.414722557999937,30.148636666000073],[-88.414635944999986,30.148679972000025],[-88.414421793999963,30.14893279000006],[-88.414576458999989,30.149126122000041],[-88.414659739999991,30.149152890000039],[-88.414698406999946,30.149212377000026],[-88.414644867999982,30.149301607000041],[-88.414977398999952,30.149872082000059],[-88.415063058999976,30.150005332000035],[-88.415120165999951,30.150014850000048],[-88.415662682999937,30.150652545000071],[-88.41574867099996,30.150705462000076],[-88.41583709799994,30.150711318000049],[-88.415856132999977,30.150794123000026],[-88.415933227999972,30.150857893000079],[-88.41608686699999,30.15108284400003]]]},"properties":{"OBJECTID":8534,"State":"MS","LeaseNo":"OCS-G-35929","ProjectID":"MsCIP 2017","BorrowArea":"OCS West 3","ConstructionStart":1560297600000,"ConstructionComplete":1573516800000,"DredgeVolCalc":878748,"DredgeVolRep":597912,"Dredge_GlobalLeaseID":"{F506E920-D747-4221-9880-92E80F6941ED}","Dredge_GlobalReportID":null,"RuleID":1,"Override":null,"created_date":null,"last_edited_date":null,"SHAPE_Length":0.023045038411669834,"SHAPE_Area":2.819922476196026e-05}},{"type":"Feature","id":8535,"geometry":{"type":"Polygon","coordinates":[[[-88.475412138999957,30.149032847000058],[-88.475278888999981,30.148345182000071],[-88.476885024999945,30.147238733000052],[-88.47445797499995,30.145382754000025],[-88.470674630999952,30.142777244000058],[-88.467462358999967,30.140635728000063],[-88.465558789999989,30.139515003000042],[-88.464245327999947,30.138449004000051],[-88.459657727999968,30.135365222000075],[-88.458515585999976,30.134718009000039],[-88.456440695999959,30.133975617000033],[-88.45480362699999,30.133290332000058],[-88.453604377999966,30.134603795000032],[-88.452424165999957,30.135745936000035],[-88.451872130999959,30.136317007000059],[-88.452075574999981,30.136820263000061],[-88.452396802999942,30.137111747000063],[-88.45280725899994,30.137421077000056],[-88.453283150999937,30.137837482000066],[-88.454211140999973,30.13851562900004],[-88.455662611999969,30.139562591000072],[-88.456971315999965,30.140466787000037],[-88.458517965999988,30.141585133000035],[-88.460112203999984,30.142774864000046],[-88.461563674999979,30.143702854000026],[-88.462015772999962,30.143560086000036],[-88.462586843999986,30.143250756000043],[-88.463966930999959,30.144262027000025],[-88.465442196999959,30.145285196000032],[-88.467405251999935,30.146712872000023],[-88.469415896999976,30.148104857000078],[-88.469879891999938,30.148366598000052],[-88.469986966999954,30.148259521000057],[-88.470105939999939,30.148069164000049],[-88.470248708999975,30.147866910000062],[-88.470439064999937,30.147771732000024],[-88.47210776999998,30.148956153000029],[-88.47315294699996,30.14919218600005],[-88.474192841999979,30.149445245000038],[-88.47488300699996,30.149623305000034],[-88.475162295999951,30.149508738000065],[-88.475412138999957,30.149032847000058]]]},"properties":{"OBJECTID":8535,"State":"MS","LeaseNo":"OCS-G-35929","ProjectID":"MsCIP 2017","BorrowArea":"OCS West 1","ConstructionStart":1562371200000,"ConstructionComplete":1574380800000,"DredgeVolCalc":2414451,"DredgeVolRep":2495850,"Dredge_GlobalLeaseID":"{F506E920-D747-4221-9880-92E80F6941ED}","Dredge_GlobalReportID":null,"RuleID":1,"Override":null,"created_date":null,"last_edited_date":null,"SHAPE_Length":0.061980416646567081,"SHAPE_Area":0.00013173346612968683}},{"type":"Feature","id":8536,"geometry":{"type":"Polygon","coordinates":[[[-88.367134266999983,30.14757710300006],[-88.365139054999986,30.144867944000055],[-88.364191449999964,30.143946936000077],[-88.363745929999936,30.142997632000061],[-88.362597018999963,30.140737061000038],[-88.358727577999957,30.139173697000047],[-88.356135708999943,30.138291805000051],[-88.35400840799997,30.137983195000061],[-88.351430776999962,30.137748114000033],[-88.349739546999956,30.136749055000053],[-88.34727369899997,30.135743250000075],[-88.346680585999991,30.135525471000051],[-88.34530128199998,30.134792081000057],[-88.34524322599998,30.134997686000077],[-88.344936960999974,30.134971242000063],[-88.344691633999958,30.135587094000073],[-88.344561112999941,30.136488815000064],[-88.346591586999978,30.137519915000041],[-88.348034949999942,30.138232233000053],[-88.349157118999983,30.139063535000048],[-88.349741964999964,30.139802799000051],[-88.34911361799999,30.140883581000026],[-88.353636512999969,30.143307070000048],[-88.35487868499996,30.144138969000039],[-88.356899959999964,30.144928558000061],[-88.358615209999982,30.143632100000048],[-88.361677368999949,30.146355646000075],[-88.364627900999949,30.149480672000038],[-88.367134266999983,30.14757710300006]]]},"properties":{"OBJECTID":8536,"State":"MS","LeaseNo":"OCS-G-35929","ProjectID":"MsCIP 2017","BorrowArea":"OCS East 2","ConstructionStart":1596067200000,"ConstructionComplete":1607558400000,"DredgeVolCalc":875888,"DredgeVolRep":993978,"Dredge_GlobalLeaseID":"{F506E920-D747-4221-9880-92E80F6941ED}","Dredge_GlobalReportID":null,"RuleID":1,"Override":null,"created_date":null,"last_edited_date":null,"SHAPE_Length":0.058801723375729538,"SHAPE_Area":9.8747079734870516e-05}},{"type":"Feature","id":8537,"geometry":{"type":"Polygon","coordinates":[[[-88.344960169999979,30.139410723000026],[-88.34320947599997,30.138029381000024],[-88.34258635599997,30.137425570000062],[-88.339863480999952,30.134971243000052],[-88.339334783999959,30.135265223000033],[-88.339080728999988,30.135550687000034],[-88.339353090999964,30.136000438000053],[-88.34042220799995,30.137474747000056],[-88.340967715999966,30.138221487000067],[-88.342225693999978,30.139276407000068],[-88.343889651999973,30.140428302000032],[-88.344960169999979,30.139410723000026]]]},"properties":{"OBJECTID":8537,"State":"MS","LeaseNo":"OCS-G-35929","ProjectID":"MsCIP 2017","BorrowArea":"OCS East 5","ConstructionStart":1596067200000,"ConstructionComplete":1607558400000,"DredgeVolCalc":43995,"DredgeVolRep":175207,"Dredge_GlobalLeaseID":"{F506E920-D747-4221-9880-92E80F6941ED}","Dredge_GlobalReportID":null,"RuleID":1,"Override":null,"created_date":null,"last_edited_date":null,"SHAPE_Length":0.016164759289821168,"SHAPE_Area":1.0037746875429564e-05}},{"type":"Feature","id":8538,"geometry":{"type":"Polygon","coordinates":[[[-88.336751206999963,30.14143451700005],[-88.336219588999938,30.140659170000049],[-88.335023701999944,30.13927982000007],[-88.333927462999952,30.137750467000046],[-88.333705575999943,30.137642215000028],[-88.332845022999948,30.136758195000027],[-88.331977572999961,30.137241800000027],[-88.331489645999966,30.137612282000077],[-88.331823748999966,30.138336769000034],[-88.331812433999971,30.138945369000055],[-88.332088984999984,30.139648155000032],[-88.332580096999948,30.140280153000049],[-88.333114212999988,30.140554288000033],[-88.334724384999959,30.141462637000075],[-88.335981841999967,30.142068889000029],[-88.336751206999963,30.14143451700005]]]},"properties":{"OBJECTID":8538,"State":"MS","LeaseNo":"OCS-G-35929","ProjectID":"MsCIP 2017","BorrowArea":"OCS East 3","ConstructionStart":1596067200000,"ConstructionComplete":1607558400000,"DredgeVolCalc":159923,"DredgeVolRep":167678,"Dredge_GlobalLeaseID":"{F506E920-D747-4221-9880-92E80F6941ED}","Dredge_GlobalReportID":null,"RuleID":1,"Override":null,"created_date":null,"last_edited_date":null,"SHAPE_Length":0.01553808931769848,"SHAPE_Area":1.2427295468467023e-05}},{"type":"Feature","id":8539,"geometry":{"type":"Polygon","coordinates":[[[-88.335388919999957,30.134469344000024],[-88.333827054999972,30.133804645000055],[-88.331853072999991,30.133188477000033],[-88.330135535999943,30.132365608000043],[-88.328855928999985,30.131286621000072],[-88.327871430999949,30.132113454000034],[-88.329050619999975,30.133499967000034],[-88.329804746999969,30.134240393000027],[-88.330232674999991,30.134327960000064],[-88.33069257599999,30.134608981000042],[-88.331571993999944,30.135013333000074],[-88.333570723999969,30.135629599000026],[-88.333761276999951,30.13541550900004],[-88.334896880999963,30.135663282000053],[-88.335388919999957,30.134469344000024]]]},"properties":{"OBJECTID":8539,"State":"MS","LeaseNo":"OCS-G-35929","ProjectID":"MsCIP 2017","BorrowArea":"OCS East 4","ConstructionStart":1596067200000,"ConstructionComplete":1607558400000,"DredgeVolCalc":231157,"DredgeVolRep":184448,"Dredge_GlobalLeaseID":"{F506E920-D747-4221-9880-92E80F6941ED}","Dredge_GlobalReportID":null,"RuleID":1,"Override":null,"created_date":null,"last_edited_date":null,"SHAPE_Length":0.018281801714599005,"SHAPE_Area":1.2675895769467792e-05}},{"type":"Feature","id":8540,"geometry":{"type":"Polygon","coordinates":[[[-74.918515515999957,38.441427502000067],[-74.935158176999948,38.423787019000031],[-74.929552033999983,38.420514599000057],[-74.923120336999943,38.42733058500005],[-74.91861905199994,38.434218065000039],[-74.917122414999938,38.433688581000069],[-74.912908753999943,38.438154279000059],[-74.918515515999957,38.441427502000067]]]},"properties":{"OBJECTID":8540,"State":"MD","LeaseNo":"OCS-A-0536","ProjectID":"Ocean City 2021","BorrowArea":"Weaver Shoal (W-C)","ConstructionStart":1634342400000,"ConstructionComplete":1640995200000,"DredgeVolCalc":1025321,"DredgeVolRep":1170410,"Dredge_GlobalLeaseID":"{7BD0CAC5-9D87-4BF8-8506-C463FD599070}","Dredge_GlobalReportID":"{2D359D6D-A174-4EEA-B085-64FF8A9486BE}","RuleID":1,"Override":null,"created_date":null,"last_edited_date":null,"SHAPE_Length":0.062562502707326634,"SHAPE_Area":0.00014702563378596477}},{"type":"Feature","id":8541,"geometry":{"type":"Polygon","coordinates":[[[-82.37686999999994,26.400500000000079],[-82.388402028999963,26.400410707000049],[-82.389918026999965,26.397406276000027],[-82.374635763999947,26.397490505000064],[-82.376116189999948,26.399936669000056],[-82.37686999999994,26.400500000000079]]]},"properties":{"OBJECTID":8541,"State":"FL","LeaseNo":"OCS-G-23707","ProjectID":"Collier County 2006","BorrowArea":"T1","ConstructionStart":1140480000000,"ConstructionComplete":1148342400000,"DredgeVolCalc":null,"DredgeVolRep":627723,"Dredge_GlobalLeaseID":"{7EAD5BAC-E83D-4309-BD3C-4347805C22D1}","Dredge_GlobalReportID":"{A4AC70C4-06BC-4452-826C-DAD2C9002C26}","RuleID":1,"Override":null,"created_date":null,"last_edited_date":null,"SHAPE_Length":0.033980422128227418,"SHAPE_Area":4.0850935994362891e-05}},{"type":"Feature","id":8542,"geometry":{"type":"Polygon","coordinates":[[[-80.149416918999975,27.300235899000029],[-80.149689690999935,27.300303679000024],[-80.149520465999956,27.301499199000034],[-80.149238114999946,27.302185153000039],[-80.149262651999948,27.303409358000067],[-80.149176940999951,27.303881646000036],[-80.149082013999987,27.30440470800005],[-80.149024795999935,27.304719988000045],[-80.149076846999947,27.306316586000037],[-80.149086686999965,27.306618399000058],[-80.149197197999968,27.306697647000078],[-80.149397006999948,27.306784822000054],[-80.149686329999952,27.30670062300004],[-80.149903977999941,27.306551518000049],[-80.150041820999945,27.30635178600005],[-80.150068222999948,27.306043927000076],[-80.15001394899997,27.305800046000059],[-80.149879053999939,27.305612982000071],[-80.149880035999956,27.305484049000029],[-80.150000858999988,27.305413151000039],[-80.150361853999982,27.305393856000023],[-80.150570278999965,27.30540228600006],[-80.150698356999953,27.305431717000033],[-80.15088278099995,27.305432837000069],[-80.151147608999963,27.305405792000045],[-80.15135657999997,27.305342592000045],[-80.151606022999943,27.305229494000059],[-80.151800154999989,27.305008611000062],[-80.15197044699994,27.304758930000048],[-80.152020843999935,27.304458379000039],[-80.152031475999934,27.304114608000077],[-80.152003376999971,27.303591520000055],[-80.151765930999943,27.303181775000041],[-80.151510433999988,27.303036960000043],[-80.151302829999963,27.302921088000062],[-80.15117606299998,27.302719747000026],[-80.151050059999989,27.302418126000077],[-80.150971729999981,27.302174100000059],[-80.150916307999978,27.301554142000043],[-80.150878833999968,27.301210078000054],[-80.150892768999938,27.300959449000061],[-80.150861567999982,27.300844648000066],[-80.150899693999975,27.300576257000046],[-80.150937627999951,27.300332937000064],[-80.150942781999959,27.300182540000037],[-80.150863663999985,27.300042376000079],[-80.150828454999953,27.299927550000064],[-80.150808981999944,27.299852218000069],[-80.150809908999975,27.299730448000048],[-80.150802653999961,27.299630119000028],[-80.150835515999972,27.299526451000077],[-80.150924749999945,27.29939089100003],[-80.150970020999978,27.299237156000061],[-80.150979073999963,27.299101109000048],[-80.150915529999963,27.299021928000059],[-80.150839303999987,27.29902862800003],[-80.150873882999974,27.298699329000044],[-80.150902654999982,27.29860638100007],[-80.150956269999938,27.298409717000027],[-80.150973749999935,27.298219997000047],[-80.151003937999974,27.297940813000025],[-80.151009745999943,27.297704461000023],[-80.150987244999953,27.297500172000071],[-80.150952444999973,27.297331624000037],[-80.150901200999954,27.297216701000025],[-80.15082573899997,27.297123120000037],[-80.150718206999954,27.297029345000055],[-80.15059051999998,27.296949774000041],[-80.150426426999957,27.296912961000032],[-80.150298140999951,27.296912181000039],[-80.150121720999948,27.29691469100004],[-80.149968944999955,27.296971068000062],[-80.149904474999971,27.297013656000047],[-80.149842458999956,27.297260411000025],[-80.149789114999976,27.297421260000078],[-80.149763587999985,27.297614512000052],[-80.149722406999956,27.297757527000044],[-80.149684579999985,27.297986521000041],[-80.149618361999956,27.298258322000038],[-80.149548707999941,27.298454888000037],[-80.149498662999974,27.29870887900006],[-80.149452980999968,27.298916335000058],[-80.149431242999981,27.299138264000078],[-80.149393114999953,27.299406654000052],[-80.149379476999968,27.299617887000068],[-80.149373392999962,27.29989005300007],[-80.149371945999974,27.300079871000037],[-80.149416918999975,27.300235899000029]]]},"properties":{"OBJECTID":8542,"State":"FL","LeaseNo":"OCS-A-0548","ProjectID":"St. Lucie County 2021","BorrowArea":"Borrow Area A-1","ConstructionStart":1649462400000,"ConstructionComplete":1651881600000,"DredgeVolCalc":420173,"DredgeVolRep":450681,"Dredge_GlobalLeaseID":"{4745ABBC-B648-4FB8-B5C5-2FD8660422D3}","Dredge_GlobalReportID":null,"RuleID":1,"Override":null,"created_date":null,"last_edited_date":null,"SHAPE_Length":0.023738409648901223,"SHAPE_Area":1.6456183293109084e-05}},{"type":"Feature","id":8543,"geometry":{"type":"Polygon","coordinates":[[[-81.171990024999957,30.026304787000072],[-81.181391258999952,30.025424998000062],[-81.184455534999984,30.02479805400003],[-81.182071314999973,30.021842763000052],[-81.183798803999935,30.018973133000031],[-81.18232829699997,30.017845269000077],[-81.181000557999937,30.018302125000048],[-81.180715022999948,30.017616841000063],[-81.181300369999974,30.017017216000056],[-81.180529424999975,30.016403316000037],[-81.180443763999961,30.013448025000059],[-81.181029110999987,30.012263053000027],[-81.179915523999966,30.011834750000048],[-81.173533808999935,30.018411581000066],[-81.173429112999941,30.020562613000038],[-81.171471266999959,30.022104155000079],[-81.171990024999957,30.026304787000072]]]},"properties":{"OBJECTID":8543,"State":"FL","LeaseNo":"OCS-A-0533","ProjectID":"St Johns County South Ponte Vedra 2021","BorrowArea":"Borrow Area N-3","ConstructionStart":1649980800000,"ConstructionComplete":1654732800000,"DredgeVolCalc":788907,"DredgeVolRep":788068,"Dredge_GlobalLeaseID":"{104E2146-34C0-4BF4-BA96-EA13578D6782}","Dredge_GlobalReportID":"{AECE566B-1B68-47FE-8AB4-3FD8FCD96097}","RuleID":1,"Override":null,"created_date":null,"last_edited_date":null,"SHAPE_Length":0.04905334566406188,"SHAPE_Area":0.00010588750937862016}},{"type":"Feature","id":8544,"geometry":{"type":"Polygon","coordinates":[[[-90.631741751999982,28.908955039000034],[-90.626701792999938,28.901841977000061],[-90.614844863999963,28.907067306000044],[-90.621408352999936,28.909927391000053],[-90.624831502999939,28.908420982000052],[-90.627775945999986,28.909849000000065],[-90.628784766999956,28.911620919000029],[-90.625354198999958,28.916544486000078],[-90.615777606999984,28.915633524000043],[-90.611033880999969,28.917267453000079],[-90.612932032999936,28.918397586000026],[-90.615961993999974,28.917351943000028],[-90.625041265999982,28.918571880000059],[-90.631741751999982,28.908955039000034]]]},"properties":{"OBJECTID":8544,"State":"LA","LeaseNo":"OCSG36705 & OCSG36706","ProjectID":"OCSG36706_TerrebonneBasin_TE143_2019","BorrowArea":"South Pelto","ConstructionStart":1608163200000,"ConstructionComplete":1655078400000,"DredgeVolCalc":4242453,"DredgeVolRep":4003200,"Dredge_GlobalLeaseID":"{0E09843F-2CC3-4D9A-A101-D71EAC020747}","Dredge_GlobalReportID":"{B4C20D0A-3F6F-4A85-B0CF-00622F07917C}","RuleID":1,"Override":null,"created_date":null,"last_edited_date":null,"SHAPE_Length":0.084819974827871514,"SHAPE_Area":0.0001077628604237079}},{"type":"Feature","id":8545,"geometry":{"type":"Polygon","coordinates":[[[-90.672386237999945,28.914090605000069],[-90.672409351999988,28.910564608000072],[-90.670560266999985,28.909997239000063],[-90.670498383999984,28.903808880000042],[-90.673516856999981,28.903748121000035],[-90.673529473999963,28.901820114000031],[-90.644565256999954,28.901670132000049],[-90.643603767999991,28.903496419000078],[-90.653949268999952,28.906987769000068],[-90.653944257999967,28.907731375000026],[-90.672386237999945,28.914090605000069]]]},"properties":{"OBJECTID":8545,"State":"LA","LeaseNo":"OCSG36705 & OCSG36706","ProjectID":"OCSG36706_TerrebonneBasin_TE143_2019","BorrowArea":"Ship Shoal","ConstructionStart":1608163200000,"ConstructionComplete":1655078400000,"DredgeVolCalc":5121597,"DredgeVolRep":5405940,"Dredge_GlobalLeaseID":"{0E09843F-2CC3-4D9A-A101-D71EAC020747}","Dredge_GlobalReportID":"{B4C20D0A-3F6F-4A85-B0CF-00622F07917C}","RuleID":1,"Override":null,"created_date":null,"last_edited_date":null,"SHAPE_Length":0.078794540082509801,"SHAPE_Area":0.0001946734428094987}},{"type":"Feature","id":8546,"geometry":{"type":"Polygon","coordinates":[[[-75.551754846999984,36.030048542000031],[-75.552520626999979,36.029399411000043],[-75.553166884999939,36.028750607000063],[-75.553315755999961,36.028090051000049],[-75.55338083099997,36.027395621000039],[-75.553437882999958,36.026725259000045],[-75.553109832999951,36.026140475000034],[-75.55255357599998,36.025484377000055],[-75.552368155999943,36.024885330000075],[-75.551954528999943,36.024528754000073],[-75.551312692999943,36.024428913000065],[-75.55062806799998,36.024386124000046],[-75.550157388999935,36.024585807000051],[-75.549544078999986,36.025370272000032],[-75.548916505999955,36.02611194900004],[-75.548089251999954,36.026568366000049],[-75.54631313799996,36.027305306000073],[-75.545189461999939,36.028020326000046],[-75.544819231999952,36.029299065000032],[-75.544157617999986,36.030483007000043],[-75.542938853999942,36.031701770000041],[-75.541752748999954,36.032696509000061],[-75.542385409999952,36.035317330000055],[-75.542647021999983,36.036093786000038],[-75.543043318999935,36.035880388000066],[-75.544262082999978,36.035323239000036],[-75.544847089999962,36.034753554000076],[-75.545337380999968,36.034040404000052],[-75.546184246999985,36.033104393000031],[-75.547361837999972,36.032202257000051],[-75.548417300999972,36.031489107000027],[-75.54934439699997,36.030975638000029],[-75.550299448999965,36.030579697000064],[-75.551548729999979,36.030218188000049],[-75.551754846999984,36.030048542000031]]]},"properties":{"OBJECTID":8546,"State":"NC","LeaseNo":"OCS-A-0547","ProjectID":"Dare County 2022","BorrowArea":"Borrow Area A","ConstructionStart":1681171200000,"ConstructionComplete":1683763200000,"DredgeVolCalc":801652,"DredgeVolRep":634534,"Dredge_GlobalLeaseID":"{A9F92EEC-A4CC-4731-AC62-29A81030D349}","Dredge_GlobalReportID":"{CA4ABD8D-86EA-446E-82A5-9C2B8142917D}","RuleID":1,"Override":null,"created_date":null,"last_edited_date":null,"SHAPE_Length":0.035312023872937214,"SHAPE_Area":5.7506225314350173e-05}},{"type":"Feature","id":8547,"geometry":{"type":"Polygon","coordinates":[[[-75.558535913999947,36.045577914000035],[-75.556607285999974,36.043666853000047],[-75.559416328999987,36.041507360000026],[-75.559701864999965,36.040187866000053],[-75.558301794999977,36.038932286000033],[-75.553953657999955,36.037942524000073],[-75.55299116499998,36.03847371300003],[-75.549239407999949,36.034155532000057],[-75.547097733999976,36.035621289000062],[-75.545962476999989,36.035733146000041],[-75.545614585999942,36.035461920000046],[-75.545414776999962,36.035306143000071],[-75.545609514999967,36.034949124000036],[-75.546799240999974,36.034642818000066],[-75.549583978999976,36.033225068000036],[-75.550243121999983,36.033097639000061],[-75.550705151999978,36.032875817000047],[-75.55089232499995,36.032424523000032],[-75.550740374999975,36.031664720000038],[-75.551797635999947,36.030747430000076],[-75.552605125999946,36.030339463000075],[-75.553648236999948,36.029437790000031],[-75.553737405999982,36.026825100000053],[-75.552952302999984,36.024857107000059],[-75.553224347999958,36.023279243000047],[-75.555672756999968,36.02224547000003],[-75.557215845999963,36.021311495000077],[-75.557426193999959,36.020116879000057],[-75.557022653999979,36.018989950000048],[-75.55526808999997,36.017032400000062],[-75.555754829999955,36.015899629000046],[-75.555834068999957,36.011739583000065],[-75.555794449999951,36.008490785000049],[-75.555294256999957,36.006697073000055],[-75.553079823999951,36.006563238000069],[-75.54820256499994,36.006371497000032],[-75.546451775999969,36.021340719000079],[-75.548100452999961,36.023295550000057],[-75.545328898999969,36.026190068000062],[-75.54631313799996,36.027305306000073],[-75.54123175899997,36.030537920000029],[-75.543351773999973,36.038185465000026],[-75.546437897999965,36.041030327000044],[-75.543611015999943,36.042991211000071],[-75.547101642999962,36.046225892000052],[-75.549646828999983,36.044275026000037],[-75.551864027999954,36.04618896900007],[-75.548969099999965,36.048395911000057],[-75.550995306999937,36.050441849000038],[-75.558535913999947,36.045577914000035]]]},"properties":{"OBJECTID":8547,"State":"NC","LeaseNo":"OCS-A-0547","ProjectID":"Dare County 2022","BorrowArea":"Borrow Area A","ConstructionStart":1655078400000,"ConstructionComplete":1669507200000,"DredgeVolCalc":2171878,"DredgeVolRep":2507206,"Dredge_GlobalLeaseID":"{A9F92EEC-A4CC-4731-AC62-29A81030D349}","Dredge_GlobalReportID":"{CA4ABD8D-86EA-446E-82A5-9C2B8142917D}","RuleID":1,"Override":null,"created_date":null,"last_edited_date":null,"SHAPE_Length":0.14063507116594393,"SHAPE_Area":0.00038265229236728677}},{"type":"Feature","id":8548,"geometry":{"type":"Polygon","coordinates":[[[-81.185721629999989,30.025019752000048],[-81.184671023999954,30.017264283000031],[-81.183570612999972,30.017054143000053],[-81.183033080999962,30.01571277100004],[-81.183114283999942,30.014533895000056],[-81.183622612999955,30.013799094000035],[-81.18410390799994,30.011934867000036],[-81.183272608999971,30.010948008000071],[-81.181919856999968,30.010114805000057],[-81.179995124999948,30.010080295000023],[-81.178779578999979,30.010548435000032],[-81.177567273999955,30.011214723000023],[-81.176715620999971,30.010785101000067],[-81.176151137999966,30.010500343000047],[-81.176154431999976,30.009483170000067],[-81.17490509199996,30.008831823000037],[-81.173570709999979,30.009522135000054],[-81.172830264999959,30.010295813000027],[-81.172309359999986,30.010934407000036],[-81.171375636999983,30.011797737000052],[-81.171076235999976,30.01257544200007],[-81.171118104999948,30.013596330000041],[-81.171595211999943,30.014781524000057],[-81.172375218999946,30.015294995000033],[-81.171641371999954,30.016128789000049],[-81.171264859999951,30.016707762000067],[-81.171990023999967,30.026304787000072],[-81.185721629999989,30.025019752000048]]]},"properties":{"OBJECTID":8548,"State":"FL","LeaseNo":"OCS-A-0551","ProjectID":"St Johns County Vilano 2023","BorrowArea":"Borrow Area N-3","ConstructionStart":1692403200000,"ConstructionComplete":1702166400000,"DredgeVolCalc":1447344,"DredgeVolRep":2500000,"Dredge_GlobalLeaseID":"{4708E19E-A39D-4A88-8DA9-3741DB749551}","Dredge_GlobalReportID":"{F589BF9B-E57B-405A-9326-E0F4DE6B10D5}","RuleID":1,"Override":null,"created_date":1716405778000,"last_edited_date":1743106311000,"SHAPE_Length":0.059847440915970017,"SHAPE_Area":0.00019895748886073137}},{"type":"Feature","id":8549,"geometry":{"type":"Polygon","coordinates":[[[-81.279608519999954,30.135038179000048],[-81.269133498999963,30.141021384000055],[-81.26860271299995,30.148703033000061],[-81.274441355999954,30.147110676000068],[-81.275075349999952,30.146889515000055],[-81.275915760999965,30.146712587000025],[-81.277169004999962,30.146329241000046],[-81.278230575999942,30.145842688000073],[-81.278864569999939,30.145444599000029],[-81.278908802999979,30.144677908000062],[-81.279012010999963,30.144471491000047],[-81.279115218999948,30.143660569000076],[-81.279233171999977,30.142849646000059],[-81.27926428699999,30.140370759000064],[-81.27926428699999,30.139869508000061],[-81.279505853999979,30.137635018000026],[-81.279723263999983,30.135623977000023],[-81.279608519999954,30.135038179000048]]]},"properties":{"OBJECTID":8549,"State":"FL","LeaseNo":"OCS-A-0535","ProjectID":"St Johns County North Ponte Vedra 2021","BorrowArea":"Borrow Area A","ConstructionStart":1711670400000,"ConstructionComplete":1718409600000,"DredgeVolCalc":2011805,"DredgeVolRep":2007100,"Dredge_GlobalLeaseID":"{CD711769-6A61-49C5-9131-BEE009B41AEE}","Dredge_GlobalReportID":"{600B2E74-55A2-485D-9D75-56672F4C45AD}","RuleID":1,"Override":null,"created_date":1722461263000,"last_edited_date":1729860755000,"SHAPE_Length":0.041055651608110075,"SHAPE_Area":9.363855687625755e-05}},{"type":"Feature","id":8550,"geometry":{"type":"Polygon","coordinates":[[[-80.445704061999947,28.398763062000057],[-80.446789321999972,28.398923842000045],[-80.44695010099997,28.399607154000023],[-80.446990295999967,28.400652219000051],[-80.446990295999967,28.401898258000074],[-80.446789321999972,28.402983518000042],[-80.446226593999938,28.404470726000056],[-80.44606581499994,28.405756960000076],[-80.445784450999952,28.406681441000046],[-80.445422697999959,28.407404948000078],[-80.445382502999962,28.408450013000049],[-80.445864840999945,28.409012741000026],[-80.446588347999977,28.408892156000036],[-80.447030490999964,28.408369624000045],[-80.447713802999942,28.407565727000076],[-80.448397113999988,28.406842220000044],[-80.448839256999975,28.405917740000064],[-80.449401984999952,28.405194233000032],[-80.449803932999941,28.404752090000045],[-80.450406854999983,28.403827609000075],[-80.451049971999964,28.403184492000037],[-80.451492114999951,28.402139427000066],[-80.451813673999936,28.401134557000034],[-80.451813673999936,28.399968907000073],[-80.451411725999947,28.399205205000044],[-80.450648023999975,28.398642478000056],[-80.449924516999943,28.398401309000064],[-80.448959841999965,28.397758192000026],[-80.448919646999968,28.397074880000048],[-80.449120620999963,28.39611020500007],[-80.448799062999967,28.39522591900004],[-80.44863828299998,28.394783776000054],[-80.447512828999947,28.394261243000074],[-80.446829516999969,28.39381910000003],[-80.446025619999944,28.393618126000035],[-80.445060944999966,28.393618126000035],[-80.444015879999938,28.393658321000032],[-80.442367891999936,28.393778905000033],[-80.441363021999962,28.394020074000025],[-80.440679709999984,28.394221048000077],[-80.439875812999958,28.394783776000054],[-80.438830747999987,28.39562786700003],[-80.437705292999965,28.396994491000044],[-80.437222955999971,28.398883647000048],[-80.437343539999972,28.399928712000076],[-80.437986656999954,28.400571829000057],[-80.439031721999982,28.400612024000054],[-80.440317955999944,28.40000910200007],[-80.441684579999958,28.399486569000032],[-80.443453151999961,28.399084621000043],[-80.445704061999947,28.398763062000057]]]},"properties":{"OBJECTID":8550,"State":"FL","LeaseNo":"OCS-A-0554","ProjectID":"Brevard County 2023","BorrowArea":"Canaveral Shoals-II Borrow Area","ConstructionStart":1706227200000,"ConstructionComplete":1710892800000,"DredgeVolCalc":null,"DredgeVolRep":182100,"Dredge_GlobalLeaseID":"{BF190D7B-6799-4F23-BAB1-3EDBE4381E98}","Dredge_GlobalReportID":"{00229C97-2BBE-4F7E-94C1-2F3100C3AFEF}","RuleID":1,"Override":null,"created_date":1728570876000,"last_edited_date":1728570876000,"SHAPE_Length":0.054149201198843283,"SHAPE_Area":9.5736178379433043e-05}},{"type":"Feature","id":8551,"geometry":{"type":"Polygon","coordinates":[[[-80.962568739999938,29.575037610000038],[-80.968652310999971,29.568861513000058],[-80.959330336999983,29.561783290000051],[-80.955282332999957,29.565831293000031],[-80.96069509199998,29.570272531000057],[-80.958983364999938,29.572331230000032],[-80.962568739999938,29.575037610000038]]]},"properties":{"OBJECTID":8551,"State":"FL","LeaseNo":"OCS-A-0560","ProjectID":"Flagler County Federal 2024","BorrowArea":"Borrow Area 3A (encompasses cuts A, B, and C)","ConstructionStart":1719964800000,"ConstructionComplete":1724889600000,"DredgeVolCalc":1636131,"DredgeVolRep":1613300,"Dredge_GlobalLeaseID":"{E41F09D4-1D8A-49FA-A8A5-B07523EDCC5F}","Dredge_GlobalReportID":"{07C622C6-66B1-4A22-B2C3-18E0ADECDA99}","RuleID":1,"Override":null,"created_date":1738253621000,"last_edited_date":1743107136000,"SHAPE_Length":0.040269720689743507,"SHAPE_Area":8.0969888682450996e-05}},{"type":"Feature","id":8552,"geometry":{"type":"Polygon","coordinates":[[[-81.161837505999983,29.831866683000044],[-81.16270501799994,29.829023067000037],[-81.160474543999953,29.82517905900005],[-81.140590110999938,29.825226516000043],[-81.140726729999983,29.820853096000064],[-81.147234073999982,29.820053716000075],[-81.148705236999945,29.819863889000032],[-81.152124902999958,29.821179548000032],[-81.154779717999986,29.821145225000066],[-81.156725450999943,29.819246949000046],[-81.157816958999945,29.814975830000037],[-81.157152561999965,29.81464363200007],[-81.155539027999964,29.815118200000029],[-81.153925493999964,29.81554531200004],[-81.152406873999951,29.816162252000026],[-81.150366227999939,29.816874105000068],[-81.149512003999973,29.816684278000025],[-81.150223857999947,29.815782597000066],[-81.151789934999954,29.814596175000077],[-81.153023813999937,29.81303009800007],[-81.153356011999961,29.811179279000044],[-81.150318770999945,29.811274193000031],[-81.149654374999955,29.811464021000063],[-81.14865778099994,29.812840270000038],[-81.146427306999954,29.813599580000073],[-81.142915497999979,29.81516565700008],[-81.142962954999973,29.811179279000044],[-81.136508818999971,29.811179279000044],[-81.136567664999973,29.831927428000029],[-81.161837505999983,29.831866683000044]]]},"properties":{"OBJECTID":8552,"State":"FL","LeaseNo":"OCS-A-0550","ProjectID":"St Johns County St Augustine 2023","BorrowArea":"Borrow Area S-1 (cuts A-D)","ConstructionStart":1709856000000,"ConstructionComplete":1725062400000,"DredgeVolCalc":1992426,"DredgeVolRep":2463742,"Dredge_GlobalLeaseID":"{F4510BF3-0AFC-4B68-8F1E-821D85B86A8F}","Dredge_GlobalReportID":"{51E344CC-4D8C-4D30-A8EB-67EC05E2A99A}","RuleID":1,"Override":null,"created_date":1738254094000,"last_edited_date":1750447376000,"SHAPE_Length":0.13700884756129633,"SHAPE_Area":0.00034247965288603362}},{"type":"Feature","id":8553,"geometry":{"type":"Polygon","coordinates":[[[-81.279321808999953,30.309991005000029],[-81.279394972999967,30.309873498000059],[-81.279483657999947,30.309128548000047],[-81.279377235999959,30.308348124000076],[-81.279678763999982,30.308153018000041],[-81.278543601999957,30.301200150000057],[-81.266464767999935,30.301200150000057],[-81.267635403999975,30.30338179000006],[-81.26767087799999,30.306432538000024],[-81.267759561999981,30.30976707700006],[-81.268398090999938,30.310742606000076],[-81.269462304999934,30.311097345000064],[-81.269941201999984,30.312126085000045],[-81.270455571999946,30.31386430200007],[-81.270508782999968,30.314360936000071],[-81.27100541599998,30.315531571000065],[-81.279294094999955,30.324623953000071],[-81.280347222999978,30.324845665000055],[-81.28198234499996,30.321159714000032],[-81.281954630999962,30.320162013000072],[-81.281372637999937,30.317030340000031],[-81.280873787999951,30.315007224000055],[-81.279876086999934,30.312069549000057],[-81.279321808999953,30.309991005000029]]]},"properties":{"OBJECTID":8553,"State":"FL","LeaseNo":"OCS-A-0555","ProjectID":"Duval County 2023","BorrowArea":"DCBA South ","ConstructionStart":1714608000000,"ConstructionComplete":1724112000000,"DredgeVolCalc":1295799,"DredgeVolRep":1288150,"Dredge_GlobalLeaseID":"{02BE1C1C-10CE-4600-9926-AA3566D94903}","Dredge_GlobalReportID":"{A01958CA-AFE9-4A19-B6F8-AC3772F05FF7}","RuleID":1,"Override":null,"created_date":1740074965000,"last_edited_date":1740074965000,"SHAPE_Length":0.065960709452288241,"SHAPE_Area":0.0002165561514428866}},{"type":"Feature","id":8554,"geometry":{"type":"Polygon","coordinates":[[[-82.37223075199995,26.381016615000078],[-82.372162751999952,26.378771308000069],[-82.371567416999937,26.377992411000037],[-82.370927624999979,26.377569619000042],[-82.37012040999997,26.377078797000024],[-82.367997811999942,26.378823150000073],[-82.368562160999943,26.37942414500003],[-82.365105956999969,26.382500004000065],[-82.365822625999954,26.383196465000026],[-82.366690239999969,26.383550237000065],[-82.367557814999941,26.383890311000073],[-82.368652942999972,26.38407918300004],[-82.37223075199995,26.381016615000078]]]},"properties":{"OBJECTID":8554,"State":"FL","LeaseNo":"OCSG37966","ProjectID":"Bonita LoversKey 2024","BorrowArea":"Charlotte Harbor","ConstructionStart":1732752000000,"ConstructionComplete":1739577600000,"DredgeVolCalc":1115162,"DredgeVolRep":1067584,"Dredge_GlobalLeaseID":"{794FD707-D78E-490C-8512-16EE8086E3B1}","Dredge_GlobalReportID":"{6348754D-8AD2-4BA6-8B4C-4549DC24EBB7}","RuleID":1,"Override":null,"created_date":1755633692000,"last_edited_date":1755633692000,"SHAPE_Length":0.021825817858024239,"SHAPE_Area":2.6755068368534111e-05}}]}